candidate_id,price_impact_multiplier,depth_multiplier,liquidity_withdrawal_strength,background_order_multiplier,reaction_time_heterogeneity,volatility_error,drawdown_error,correlation_error,autocorrelation_error,tail_error,weighted_loss
38,0.25,1.25,0.25,0.5,0.35,0.017474119685237315,0.44172215531770254,0.016513763291348522,0.0502150440369399,0.6393092615564605,0.21001406571849168
44,0.25,1.25,0.5,0.5,0.35,0.01747158490025317,0.44172276336536614,0.016513278855401763,0.05022842777687828,0.6393142565116545,0.21001522867961941
50,0.25,1.25,0.75,0.5,0.35,0.017469052722495545,0.4417233139165601,0.01651279733258532,0.050241799326298374,0.639319235019931,0.21001637289285674
20,0.25,1.0,0.25,0.5,0.35,0.017402263781401514,0.44185959598345975,0.016503862992422607,0.050619721162068164,0.639484022966897,0.2100897049408394
26,0.25,1.0,0.5,0.5,0.35,0.01739903542852085,0.44185935353963723,0.01650326277996959,0.0506365229630444,0.6394902379270824,0.21009084533545397
32,0.25,1.0,0.75,0.5,0.35,0.017395809738895835,0.44185904347010146,0.016502666213279917,0.05065331027494543,0.6394964324538592,0.2100919634782356
40,0.25,1.25,0.25,0.75,0.35,0.01732891425802587,0.44197270740278743,0.016494145016088303,0.05102738102431068,0.6396582605165436,0.21015787965554705
46,0.25,1.25,0.5,0.75,0.35,0.01732468999843919,0.44197120685572033,0.01649337443328126,0.05104910251792201,0.6396665145121144,0.21015900564590773
52,0.25,1.25,0.75,0.75,0.35,0.01732046893792033,0.4419696289320981,0.016492608801767075,0.051070801752890915,0.639674735931534,0.21016010488980147
37,0.25,1.25,0.25,0.5,0.0,0.017494599700725835,0.442205172094506,0.01653170084148502,0.050267886929429115,0.6392809698135927,0.21017115738116876
43,0.25,1.25,0.5,0.5,0.0,0.017492236838737376,0.4422106300013299,0.016531488088380432,0.05028178280193084,0.6392836108462201,0.21017369703451133
49,0.25,1.25,0.75,0.5,0.0,0.017489876522660985,0.4422160219255825,0.016531277244062843,0.05029566677619137,0.639286245583446,0.21017621621924937
2,0.25,0.75,0.25,0.5,0.35,0.017279803205390167,0.44203499174327626,0.016487895068930815,0.05129753494711749,0.6397722494340223,0.2101989959365001
8,0.25,0.75,0.5,0.5,0.35,0.017275364978249462,0.44203242812213067,0.016487106550794297,0.05132010004890939,0.6397804686216588,0.21019981610732974
14,0.25,0.75,0.75,0.5,0.35,0.01727092895800861,0.442029786479959,0.01648632289979499,0.05134264754440959,0.6397886606990608,0.21020061003569634
22,0.25,1.0,0.25,0.75,0.35,0.01721694513172505,0.4420969996776516,0.016480090233206506,0.05163989335374468,0.6399159595882586,0.2102457867836546
28,0.25,1.0,0.5,0.75,0.35,0.017211518880062653,0.44209285404449117,0.016479139825612166,0.05166722553656392,0.6399262041106322,0.2102464828072082
34,0.25,1.0,0.75,0.75,0.35,0.017206095075718637,0.4420886260484986,0.01647819561205233,0.05169453190385902,0.639936407901096,0.2102471494401711
92,0.5,1.25,0.25,0.5,0.35,0.017179396687792843,0.4421282325783206,0.016475600352001796,0.05184284491826206,0.6400000366717519,0.21027169700923581
42,0.25,1.25,0.25,1.0,0.35,0.017178625237444352,0.44212751078133916,0.01647545040935557,0.051846823529900096,0.6400022706630422,0.2102718403068004
98,0.5,1.25,0.5,0.5,0.35,0.017173941636386643,0.4421235616832262,0.01647466532256807,0.05187008183688287,0.640009831256271,0.21027217536971282
48,0.25,1.25,0.5,1.0,0.35,0.017172400852547228,0.4421221156947238,0.016474367290141484,0.05187802068507698,0.6400142738538834,0.2102724578761056
104,0.5,1.25,0.75,0.5,0.35,0.01716848792192436,0.4421188106434203,0.016473736136201005,0.05189729932344981,0.6400195932998747,0.21027262605917607
54,0.25,1.25,0.75,1.0,0.35,0.01716617969548522,0.44211663716282334,0.01647329173415054,0.05190918107092781,0.6400262206105586,0.2102730435724713
19,0.25,1.0,0.25,0.5,0.0,0.01742800110556291,0.4424609948516006,0.016526304803101917,0.050685905522890776,0.6394478047510996,0.21028533077516853
25,0.25,1.0,0.5,0.5,0.0,0.01742499054337236,0.442466753097451,0.01652604567101879,0.05070335009009349,0.6394510384507973,0.21028817108053985
31,0.25,1.0,0.75,0.5,0.0,0.017421982596560154,0.4424724317852825,0.01652578895296552,0.05072078055958625,0.6394542636985607,0.21029098653096062
74,0.5,1.0,0.25,0.5,0.35,0.01702470773187659,0.44228572837133073,0.016457958052478624,0.05266599527329002,0.6403369481623183,0.21038501678501872
4,0.25,0.75,0.25,0.75,0.35,0.017024207754551147,0.4422860974419856,0.016457865960910784,0.052668507768900086,0.6403383404066727,0.21038534956870047
24,0.25,1.0,0.25,1.0,0.35,0.017023708103253085,0.4422864667437931,0.016457774011687958,0.05267101844553871,0.6403397311893213,0.21038568221993745
80,0.5,1.0,0.5,0.5,0.35,0.017017645058916113,0.4422895488534163,0.016456810023672934,0.05270034456159771,0.6403490555418434,0.21038846018877844
10,0.25,0.75,0.5,0.75,0.35,0.017016645792655112,0.442290284045405,0.0164566268671409,0.05270536025451787,0.6403518253821443,0.21038912288851241
30,0.25,1.0,0.5,1.0,0.35,0.0170156477969687,0.44229102001836784,0.016456444259641923,0.05271036884105105,0.6403545895497684,0.2103897850356113
39,0.25,1.25,0.25,0.75,0.0,0.01735999217695443,0.44268958887435916,0.016521135438229206,0.05110699481372564,0.6396133959683219,0.2103911404812447
86,0.5,1.0,0.75,0.5,0.35,0.01701058154759618,0.4422932960377272,0.016455669294938073,0.052734672849006216,0.6403611219380324,0.2103918766132885
16,0.25,0.75,0.75,0.75,0.35,0.01700908356025787,0.4422943941329448,0.01645539603055904,0.05274218297673431,0.6403652555355349,0.21039286636529952
36,0.25,1.0,0.75,1.0,0.35,0.017007588360701896,0.4422954936890228,0.01645512395933404,0.052749677475841895,0.6403693767410199,0.2103938548284704
45,0.25,1.25,0.5,0.75,0.0,0.01735606009249485,0.4426955246235317,0.016520810220496396,0.051129525843537846,0.6396177153440802,0.21039436157766903
51,0.25,1.25,0.75,0.75,0.0,0.01735213102428472,0.4427013613735536,0.016520488031051956,0.05115203551545775,0.6396220209837935,0.21039755097548699
1,0.25,0.75,0.25,0.5,0.0,0.017314426879890703,0.4428262914971449,0.016517865498420443,0.05138607384767727,0.6397219064704884,0.21045658664461137
7,0.25,0.75,0.5,0.5,0.0,0.017310285551407734,0.44283153353817717,0.01651753504298519,0.05140950180138208,0.6397260605215815,0.21045960896776889
13,0.25,0.75,0.75,0.5,0.0,0.01730614643229238,0.4428366787260174,0.016517207864258896,0.05143291273200305,0.6397302018317272,0.21046260057671778
21,0.25,1.0,0.25,0.75,0.0,0.017256105701465147,0.44298466239499207,0.01651387958946072,0.05173970945447628,0.6398576921912231,0.21053474651139925
27,0.25,1.0,0.5,0.75,0.0,0.017251052008964873,0.4429900024027182,0.01651348950292848,0.05176805974262787,0.6398629164804004,0.21053811184639343
33,0.25,1.0,0.75,0.75,0.0,0.017246000610296484,0.4429952293182744,0.016513103266328544,0.05179638541690683,0.6398681217706454,0.2105414403505922
146,0.75,1.25,0.25,0.5,0.35,0.016865102828994,0.44262469876317007,0.0164412756964784,0.05349547881209732,0.6406679965100956,0.2105515431491642
94,0.5,1.25,0.25,0.75,0.35,0.016864481427098097,0.442625022798977,0.016441167181434187,0.053498524467815035,0.6406696605019088,0.21055190320108177
152,0.75,1.25,0.5,0.5,0.35,0.016856332493554425,0.44262758695689125,0.016439922642409722,0.053537069482832954,0.6406823514053033,0.21055510245242925
100,0.5,1.25,0.5,0.75,0.35,0.016855090106689993,0.44262823404401475,0.016439706841786816,0.05354315021929351,0.6406856616503531,0.21055581980053342
158,0.75,1.25,0.75,0.5,0.35,0.016847558056590942,0.4426304185038738,0.01643857833088342,0.053578639079060394,0.64069665650792,0.21055863819301415
106,0.5,1.25,0.75,0.75,0.35,0.016845694955474007,0.44263138733857543,0.01643825639061555,0.053587744967255366,0.6407015962481584,0.21055971008787927
91,0.5,1.25,0.25,0.5,0.0,0.01722124220389682,0.44307202174694693,0.016511614653712342,0.05194937594452852,0.6399375015049454,0.210578989860943
41,0.25,1.25,0.25,1.0,0.0,0.017220545971681125,0.44307300078324563,0.016511558214903008,0.05195344772105517,0.6399388740426338,0.21057960784582752
97,0.5,1.25,0.5,0.5,0.0,0.017216149768149478,0.44307656672295526,0.016511232464741895,0.05197765395665699,0.6399423277182107,0.21058205960776655
47,0.25,1.25,0.5,1.0,0.0,0.017214758894753938,0.44307850227802204,0.016511119916252613,0.05198578057049855,0.6399450640008005,0.21058328679221322
103,0.5,1.25,0.75,0.5,0.0,0.017211058736591935,0.4430810060856327,0.016510854257524753,0.05200591329807382,0.6399471370641071,0.21058509533439043
53,0.25,1.25,0.75,1.0,0.0,0.01720897463032828,0.4430838758457993,0.016510685936420296,0.05201807873012665,0.6399512284521018,0.21058692304834514
56,0.5,0.75,0.25,0.5,0.35,0.01675595636799021,0.44283327637612874,0.016430687365178335,0.05405204759956626,0.640885363802107,0.21065664843643866
6,0.25,0.75,0.25,1.0,0.35,0.016754543846767445,0.4428338569754252,0.016430449301742027,0.05405885968642672,0.6408890489873929,0.21065740097438818
62,0.5,0.75,0.5,0.5,0.35,0.016745991348331837,0.44283548557182506,0.016429201955469822,0.05409853950528397,0.6409011786745974,0.21066025528512916
12,0.25,0.75,0.5,1.0,0.35,0.016743167440012523,0.4428366496655932,0.016428728906035764,0.05411213644978041,0.6409085055345204,0.21066175511131896
68,0.5,0.75,0.75,0.5,0.35,0.016736019437975015,0.44283765527561786,0.01642772624076755,0.05414501114483137,0.6409169374388882,0.21066384252060333
18,0.25,0.75,0.75,1.0,0.35,0.016731784885192266,0.44283940477451617,0.016427021058239087,0.054165367479108904,0.6409278649658932,0.2106660843540606
73,0.5,1.0,0.25,0.5,0.0,0.01707757592687619,0.4433767638756493,0.016503075861107656,0.052799698912214546,0.6402545107345547,0.21074233807765608
3,0.25,0.75,0.25,0.75,0.0,0.01707712421057385,0.4433771831935158,0.016503042754423512,0.05280226996590757,0.6402553487091113,0.2107426626396135
23,0.25,1.0,0.25,1.0,0.0,0.0170766727632232,0.4433776021157123,0.01650300967587591,0.05280483937741548,0.6402561864009704,0.2107429869766944
79,0.5,1.0,0.5,0.5,0.0,0.01707097859581339,0.44338116806792993,0.016502624830634714,0.05283536035463987,0.6402602317578303,0.210745728176497
9,0.25,0.75,0.5,0.75,0.0,0.017070075589533155,0.4433837221268441,0.016502558806630638,0.05284049393017759,0.6402619020340753,0.2107468906726646
29,0.25,1.0,0.5,1.0,0.0,0.01706917363399461,0.4433862720550442,0.01650249289601278,0.05284562107369808,0.6402635711712834,0.21074805151041234
85,0.5,1.0,0.75,0.5,0.0,0.01706438063740958,0.4433956398825842,0.01650217886182422,0.05287100186465025,0.6402659284297989,0.21075213495780792
15,0.25,0.75,0.75,0.75,0.0,0.017063026669262207,0.4433994513341184,0.01650208011445151,0.05287868991188183,0.6402684254361344,0.21075387095870612
35,0.25,1.0,0.75,1.0,0.0,0.01706167501161656,0.4434032535620577,0.01650198162371695,0.05288636378074426,0.6402709198648147,0.21075560326140153
128,0.75,1.0,0.25,0.5,0.35,0.016616423823219494,0.44307797016285233,0.016418051653618433,0.05475185028150772,0.6411532485161126,0.21078243840630728
76,0.5,1.0,0.25,0.75,0.35,0.016615606302078926,0.4430782166652718,0.016417919641292182,0.054755716632171145,0.641155314289419,0.2107828339106227
134,0.75,1.0,0.5,0.5,0.35,0.016604901442169445,0.44307932437264086,0.01641640558261764,0.05480455359208296,0.6411708421736789,0.2107860884375428
82,0.5,1.0,0.5,0.75,0.35,0.016603266131357205,0.44307982134928603,0.016416143084824635,0.05481227422368119,0.6411749509993738,0.21078687738346338
140,0.75,1.0,0.75,0.5,0.35,0.016593367955587343,0.4430806668406455,0.01641477037930603,0.05485723867147181,0.6411883713202975,0.210789725513908
88,0.5,1.0,0.75,0.75,0.35,0.01659091439852315,0.4430814179038605,0.016414378817323327,0.05486880233208894,0.641194501705366,0.21079090585792526
96,0.5,1.25,0.25,1.0,0.35,0.01652927240589386,0.4432179938992259,0.016410511058135832,0.05518223011442922,0.6413163016487223,0.21085613527947827
102,0.5,1.25,0.5,1.0,0.35,0.01651500810207108,0.44321930970857143,0.016408495906499388,0.05524696443194328,0.6413392767744207,0.21086061864512906
108,0.5,1.25,0.75,1.0,0.35,0.016500729104256703,0.44322064628305247,0.016406495724705643,0.055311654028325344,0.6413621317623841,0.2108650903402048
145,0.75,1.25,0.25,0.5,0.0,0.016929224014392914,0.4439205243436792,0.016495544939443354,0.0536565813253694,0.640563583920855,0.21097605001993275
93,0.5,1.25,0.25,0.75,0.0,0.016928662036229374,0.443921942419043,0.016495507790882165,0.053659697763514515,0.6405645640248375,0.21097670907359334
151,0.75,1.25,0.5,0.5,0.0,0.01692102689424122,0.4439361144733864,0.016495035399290207,0.05369975975443132,0.6405700564518514,0.2109831311107746
99,0.5,1.25,0.5,0.75,0.0,0.016919903064691096,0.4439389366100569,0.01649496134036607,0.05370598299959304,0.6405720092698662,0.21098444339744354
157,0.75,1.25,0.75,0.5,0.0,0.016912826091583188,0.4439516047553481,0.016494532017587195,0.05374291853142593,0.640576495480134,0.21099017705875284
105,0.5,1.25,0.75,0.75,0.0,0.016911140417783695,0.4439558173041293,0.016494421291645783,0.053752239534256965,0.6405794137369067,0.21099213690201946
148,0.75,1.25,0.25,0.75,0.35,0.0163555080612,0.4435004068339151,0.016396831223912462,0.05602788225897872,0.6416269484049252,0.21100162377970744
154,0.75,1.25,0.5,0.75,0.35,0.01633996842403796,0.4435027778367557,0.01639475677462324,0.05609671090019508,0.6416500372457936,0.21100645004776158
160,0.75,1.25,0.75,0.75,0.35,0.016324406413806492,0.443505210776704,0.016392696970716054,0.056165515992268114,0.6416730185280556,0.21101127800332872
55,0.5,0.75,0.25,0.5,0.0,0.016827708754406808,0.4442715007209147,0.016491085364690856,0.05423154457759929,0.6407650849555238,0.21112764286884694
5,0.25,0.75,0.25,1.0,0.0,0.01682643049379879,0.4442745024487015,0.01649100662249561,0.05423851491803091,0.6407672232266289,0.21112905502171522
61,0.5,0.75,0.5,0.5,0.0,0.016818391781751534,0.4442876588217821,0.016490542472105654,0.05427981052983388,0.6407719752678568,0.21113510225525028
11,0.25,0.75,0.5,1.0,0.0,0.01681583563221478,0.44429363208352407,0.016490385611198522,0.05429372656164827,0.6407762336521406,0.21113791345834027
67,0.5,0.75,0.75,0.5,0.0,0.016809068504103894,0.44430372569220944,0.01649000648448725,0.05432805790751309,0.6407788249513884,0.21114252784168158
17,0.25,0.75,0.75,1.0,0.0,0.016805234522137176,0.4443126411541776,0.016489772142108755,0.05434889653565983,0.6407851855304594,0.2111467253379281
110,0.75,0.75,0.25,0.5,0.35,0.016177008649515046,0.4437947941468644,0.016384138479118602,0.05687922652867663,0.641930644858735,0.21114935567347873
58,0.5,0.75,0.25,0.75,0.35,0.01617582585775642,0.44379509654801075,0.016383970287553826,0.05688451950825585,0.6419333598917397,0.21114985871924047
78,0.5,1.0,0.25,1.0,0.35,0.016174643703095678,0.44379540054373556,0.01638380237553064,0.056889808873178696,0.6419360719180105,0.2111503618282744
116,0.75,0.75,0.5,0.5,0.35,0.01616037891778728,0.44379629391998304,0.016382041452411938,0.05695115196219998,0.6419532421691836,0.2111538495549518
64,0.5,0.75,0.5,0.75,0.35,0.016158011080754174,0.44379691527639586,0.01638170707977443,0.05696172464328268,0.6419586405054418,0.2111548558379724
84,0.5,1.0,0.5,1.0,0.35,0.016155645719537707,0.4437975426451346,0.016381373784538567,0.0569722832148014,0.6419640271818021,0.21115586230596978
122,0.75,0.75,0.75,0.5,0.35,0.016143720302599644,0.44379789746824966,0.016379958721521946,0.057023072629920124,0.6419757461529778,0.211158358953849
70,0.5,0.75,0.75,0.75,0.35,0.016140164899377023,0.44379885361312843,0.01637946003846446,0.05703891285453207,0.6419837977202345,0.21115986861892122
90,0.5,1.0,0.75,1.0,0.35,0.016136614914814797,0.4437998225542034,0.01637896369298005,0.05705472207272201,0.6419918238227508,0.21116137856884876
127,0.75,1.0,0.25,0.5,0.0,0.01669786186555788,0.4446929998724934,0.016486142760462612,0.05495448816417194,0.6410117129465958,0.21131110718458468
75,0.5,1.0,0.25,0.75,0.0,0.016697121557610876,0.44469460221231377,0.0164861010714453,0.05495844388834149,0.6410128872119505,0.21131187045529565
133,0.75,1.0,0.5,0.5,0.0,0.016687084457649295,0.44470980538538385,0.016485564424521863,0.05500920135033914,0.6410190283358448,0.21131900280643268
81,0.5,1.0,0.5,0.75,0.0,0.01668560325409526,0.44471299669854336,0.01648548136096504,0.05501710196177574,0.6410213663969029,0.21132052309385246
139,0.75,1.0,0.75,0.5,0.0,0.016676296785938426,0.44472653613205493,0.016484993921506493,0.055063898377583645,0.6410262930065106,0.21132686779810872
130,0.75,1.0,0.25,0.75,0.35,0.01594409881764662,0.444149066843175,0.01636923983037622,0.057965131070019715,0.642307141780692,0.21132902494939287
87,0.5,1.0,0.75,0.75,0.0,0.016674073945395017,0.4447313035358942,0.0164848698046966,0.05507573377644772,0.6410297845367362,0.21132913903664446
136,0.75,1.0,0.5,0.75,0.35,0.015923276785966112,0.4441504571099026,0.01636675144349134,0.05805303558848547,0.6423350312814375,0.21133427714445113
142,0.75,1.0,0.75,0.75,0.35,0.015902409897322854,0.4441520468547048,0.016364281066234148,0.05814093475159878,0.6423627756999382,0.2113395642840088
95,0.5,1.25,0.25,1.0,0.0,0.016616767345509733,0.4449412914954417,0.01648342875110121,0.05539902445084362,0.6411593059131285,0.2114199364389029
101,0.5,1.25,0.5,1.0,0.0,0.0166034739141075,0.44496176750318084,0.016482747644715794,0.05546610668288571,0.641169265543338,0.21142965917675205
150,0.75,1.25,0.25,1.0,0.35,0.015799727312298874,0.44435621921517987,0.01636092399585571,0.05862531495517126,0.6425296071873619,0.21143446097166807
107,0.5,1.25,0.75,1.0,0.0,0.016590166061683113,0.44498215457306056,0.016482075733855742,0.05553314951723489,0.6411791436311346,0.21143934065203118
156,0.75,1.25,0.5,1.0,0.35,0.015775498795247395,0.4443578363596831,0.016358114777698145,0.05872622992545923,0.6425621514347627,0.21144046163804098
162,0.75,1.25,0.75,1.0,0.35,0.015751212388259498,0.4443597350406942,0.016355327374739093,0.05882712917274764,0.6425944924949953,0.21144651187040825
60,0.5,0.75,0.25,1.0,0.35,0.015538374898606707,0.4447171874256569,0.01634779417163674,0.059798342520487026,0.6429102584832509,0.21161708763198023
66,0.5,0.75,0.5,1.0,0.35,0.015510374295080167,0.44471893588565237,0.01634474851030402,0.05991196084166328,0.6429456261670767,0.21162350145715453
72,0.5,0.75,0.75,1.0,0.35,0.015482294849920645,0.4447210709218162,0.01634172675465266,0.060025582928743826,0.6429807569930072,0.2116299890746267
147,0.75,1.25,0.25,0.75,0.0,0.016454891330966462,0.4454240539101946,0.016478971692353787,0.05627270749995507,0.6414418977448604,0.21163093843530062
153,0.75,1.25,0.5,0.75,0.0,0.016440376703248112,0.44544593517867437,0.016478302769966872,0.05634408942315357,0.6414510247935983,0.2116410655402453
159,0.75,1.25,0.75,0.75,0.0,0.01642584083682274,0.44546777235058793,0.016477643817047975,0.05641545217155074,0.6414600651303832,0.21165116444982618
112,0.75,0.75,0.25,0.75,0.35,0.015200754431003539,0.44516094725916205,0.0163339931207541,0.06127481869161505,0.6433647941679101,0.21183927041715303
132,0.75,1.0,0.25,1.0,0.35,0.015198688863356749,0.4451613411669643,0.016333763224150248,0.061283202478553345,0.6433687068906355,0.21183995259084532
109,0.75,0.75,0.25,0.5,0.0,0.016288494477602812,0.44592270766156183,0.016475529123000994,0.05715230893071817,0.6417153933967736,0.21184523669909877
118,0.75,0.75,0.5,0.75,0.35,0.015169781363867079,0.4451629334389545,0.016330896731288513,0.06139643556376234,0.6433995590765254,0.21184559325113295
57,0.5,0.75,0.25,0.75,0.0,0.016287421444456076,0.4459247664531019,0.016475483818088558,0.057157723325802476,0.6417168350955332,0.21184620897501868
138,0.75,1.0,0.5,1.0,0.35,0.01516564194107273,0.44516377881005054,0.016330440536921613,0.061413183267783354,0.6434073222239036,0.21184696488189
77,0.5,1.0,0.25,1.0,0.0,0.016286348922643634,0.44592682424420593,0.016475438562998292,0.05716313449731779,0.641718276166297,0.21184718072901598
124,0.75,0.75,0.75,0.75,0.35,0.015138706962591546,0.4451666553887641,0.016327823323168112,0.06151810576212378,0.6434340997011079,0.21185239391636349
144,0.75,1.0,0.75,1.0,0.35,0.015132484762908172,0.44516907316267956,0.016327144122499533,0.061543200060875526,0.6434456542126009,0.21185478162952387
115,0.75,0.75,0.5,0.5,0.0,0.016272923571949864,0.44594372388500075,0.016474885302567355,0.057226973231206915,0.6417233039877162,0.21185499901949095
63,0.5,0.75,0.5,0.75,0.0,0.016270774933407506,0.44594783278915306,0.01647479515649014,0.05723779054851521,0.6417261701966164,0.21185693742257938
83,0.5,1.0,0.5,1.0,0.0,0.01626862828694755,0.44595193770393304,0.016474705212641414,0.05724859525848265,0.6417290338845288,0.2118588737540936
121,0.75,0.75,0.75,0.5,0.0,0.01625732566801937,0.44596474311301115,0.01647425218708563,0.057301636355163645,0.641731124955953,0.21186474720283793
69,0.5,0.75,0.75,0.75,0.0,0.01625409863137571,0.44597089390463546,0.016474117674924817,0.05731784616866634,0.6417353988424879,0.21186764579690376
89,0.5,1.0,0.75,1.0,0.0,0.016250875960538418,0.4459770357517721,0.01647398362121451,0.05733402821778968,0.6417396670698532,0.21187053976670034
129,0.75,1.0,0.25,0.75,0.0,0.016071301849594603,0.4465327365084907,0.01647254572720273,0.05827417236184303,0.6420477491428602,0.21210791280333643
135,0.75,1.0,0.5,0.75,0.0,0.016051836205822394,0.446557419962245,0.016471846838880946,0.058365333122931476,0.6420570866027191,0.21211938819076148
141,0.75,1.0,0.75,0.75,0.0,0.016032328041021414,0.446582153785209,0.016471160662711475,0.058456494979653294,0.6420662889547774,0.21213085507385449
149,0.75,1.25,0.25,1.0,0.0,0.015936617420548346,0.4468924166131016,0.016471495538443313,0.05895620661662524,0.6422409793740996,0.2122627279168561
155,0.75,1.25,0.5,1.0,0.0,0.0159140009021687,0.44692051545046907,0.01647075413303474,0.059060770437099785,0.6422517519781363,0.2122757579739219
161,0.75,1.25,0.75,1.0,0.0,0.015891328877341276,0.4469486971238311,0.016470027069391296,0.05916532867137729,0.6422623450867903,0.21228878059004674
59,0.5,0.75,0.25,1.0,0.0,0.015692606178121286,0.4475174370579082,0.016471109975152564,0.060168213494610864,0.642568711392338,0.21253092745453422
65,0.5,0.75,0.5,1.0,0.0,0.01566645702645186,0.4475478150249198,0.01647038702365511,0.06028593611112133,0.6425790381131695,0.2125448564425716
71,0.5,0.75,0.75,1.0,0.0,0.01564023248086917,0.44757834858468615,0.016469680135781276,0.06040367467504559,0.6425891420603833,0.21255879202036576
114,0.75,0.75,0.25,1.0,0.35,0.01409099870515508,0.4471842394263227,0.01630747769957568,0.06586773093405923,0.6446240369615819,0.21269324376892257
120,0.75,0.75,0.5,1.0,0.35,0.014040472602417128,0.4472419497093859,0.01630344068699474,0.06605028728751668,0.6446703375478765,0.21271747731447915
126,0.75,0.75,0.75,1.0,0.35,0.013989701151390487,0.44730005976604426,0.016299435819889057,0.06623303925134987,0.6447161765929597,0.2127417370236392
111,0.75,0.75,0.25,0.75,0.0,0.015377106558464877,0.44828218585114604,0.01647318245528148,0.06169393153963001,0.6429528041615014,0.2128570977840527
131,0.75,1.0,0.25,1.0,0.0,0.015375227301205469,0.4482850662755176,0.016473144193067356,0.061702505664708605,0.6429545479897478,0.21285842227707608
117,0.75,0.75,0.5,0.75,0.0,0.015348117290094856,0.4483128505039378,0.01647254597714434,0.061820045050021144,0.6429603423594397,0.21287083827458475
137,0.75,1.0,0.5,1.0,0.0,0.01534434999635805,0.4483186186013201,0.01647247035105359,0.06183717781136584,0.6429637911128969,0.2128734815419404
123,0.75,0.75,0.75,0.75,0.0,0.015319032068152414,0.44835299744682444,0.016471926871246666,0.06194622312383062,0.6429676343618341,0.2128873799773089
143,0.75,1.0,0.75,1.0,0.0,0.01531336744865941,0.44836273394884535,0.016471814818310358,0.0619719012713998,0.6429727492584808,0.21289165843590155
113,0.75,0.75,0.25,1.0,0.0,0.014338786238327447,0.4509552389392189,0.016495940394621683,0.0664403920826404,0.6439491870299898,0.21392635354345127
119,0.75,0.75,0.5,1.0,0.0,0.014291519715880089,0.4510147599540944,0.016495581986552495,0.06662953346174244,0.6439515265277164,0.21394910629724878
125,0.75,0.75,0.75,1.0,0.0,0.01424401980247523,0.45107425962608383,0.016495248317382763,0.06681889845785423,0.6439533346540085,0.21397175680323052
0,1.0,1.0,1.0,1.0,0.0,0.01419627969790182,0.4511337614524723,0.016494938012300255,0.06700850334193156,0.6439546052843659,0.21399431081020204
