robustness_case,market,shock,realised_volatility_mean,realised_volatility_std,realised_volatility_count,maximum_drawdown_mean,maximum_drawdown_std,maximum_drawdown_count,mean_pairwise_correlation_mean,mean_pairwise_correlation_std,mean_pairwise_correlation_count,normalised_liquidity_deterioration_mean,normalised_liquidity_deterioration_std,normalised_liquidity_deterioration_count,recovery_time_mean,recovery_time_std,recovery_time_count
baseline,amm,fundamental,0.024746462900566996,0.0011169411439069733,5,0.11193874819818476,0.013476416652324602,5,-0.0609162692358355,0.03356621876510419,5,0.008265505397593386,0.0035380238180353976,5,4.0,2.7386127875258306,5
baseline,amm,liquidity,0.028496673917016057,0.0018210696199087342,5,0.07783746162778041,0.016973698937455477,5,-0.12522506527176563,0.02208821757246967,5,0.253362348583192,0.0025256365146803647,5,9.0,9.300537618869138,5
baseline,amm,volatility,0.02333566631873369,0.001148361665353199,5,0.06944501205749712,0.013385715482195602,5,-0.02256440650030736,0.014759346510939117,5,0.00038563494319143743,0.007456460694418738,5,1.8,1.0954451150103324,5
baseline,traditional,fundamental,0.032237959399149765,0.00210422893465315,5,0.11694502044596526,0.006207157240306252,5,0.015458165080069367,0.05012314557706279,5,0.00420444948332741,0.004843472590732536,5,3.4,2.6076809620810595,5
baseline,traditional,liquidity,0.41898240170394435,0.02283945622121981,5,0.7003797573472792,0.0031145578353953176,5,0.728670385687232,0.01775307477212934,5,0.9710517476316053,0.00014844438535833331,5,19.8,19.162463307205574,5
baseline,traditional,volatility,0.035696187189959316,0.0030126047658358044,5,0.08656274535157224,0.0227567400668722,5,0.0607483968108156,0.0397240926102876,5,0.011988031093533325,0.008203916940799517,5,1.6,1.816590212458495,5
fast_rebalancing,amm,fundamental,0.02943181739347257,0.0010730778338999402,5,0.11457452214076962,0.013696494022743968,5,-0.10516421249293373,0.026340067578352628,5,0.008277993815903929,0.0035070384230133493,5,4.0,2.7386127875258306,5
fast_rebalancing,amm,liquidity,0.038886322865991606,0.002421067407588522,5,0.08364122577239132,0.018476810747444974,5,-0.16573890394502624,0.020116845206323695,5,0.25331098573711486,0.00253935635053067,5,8.4,9.555103348473002,5
fast_rebalancing,amm,volatility,0.027922954315572353,0.0013953534179863506,5,0.07204055623654529,0.013568960401466625,5,-0.0739913611987213,0.012000168896162153,5,0.0004063073570803377,0.007435429372570916,5,3.2,2.4899799195977463,5
fast_rebalancing,traditional,fundamental,0.03462955384858103,0.0022996915044867353,5,0.11897342233794501,0.006517121951758225,5,-0.015432917068009385,0.04622589816300295,5,0.0030809924663550924,0.006220369654796136,5,2.2,1.4832396974191326,5
fast_rebalancing,traditional,liquidity,0.519295796720592,0.016343242061964993,5,0.7450812732343707,0.006395216081540705,5,0.7840206635700216,0.022146104894040432,5,0.9718563641201788,0.00029001765156937327,5,23.6,19.982492337043446,5
fast_rebalancing,traditional,volatility,0.03789950200981228,0.0030199665733597037,5,0.08863929059308426,0.022543903196618042,5,0.03143246741986507,0.03507307683650303,5,0.010518004048950803,0.009440642646454521,5,2.2,2.949576240750525,5
high_depth,amm,fundamental,0.024746462900566996,0.0011169411439069733,5,0.11193874819818476,0.013476416652324602,5,-0.0609162692358355,0.03356621876510419,5,0.008265505397593386,0.0035380238180353976,5,4.0,2.7386127875258306,5
high_depth,amm,liquidity,0.028496673917016057,0.0018210696199087342,5,0.07783746162778041,0.016973698937455477,5,-0.12522506527176563,0.02208821757246967,5,0.253362348583192,0.0025256365146803647,5,9.0,9.300537618869138,5
high_depth,amm,volatility,0.02333566631873369,0.001148361665353199,5,0.06944501205749712,0.013385715482195602,5,-0.02256440650030736,0.014759346510939117,5,0.00038563494319143743,0.007456460694418738,5,1.8,1.0954451150103324,5
high_depth,traditional,fundamental,0.031062973565334318,0.0019652998886700215,5,0.1114892364412419,0.005515200855521395,5,0.03507543933474024,0.050979276561075926,5,0.004095487221296201,0.004198765350455326,5,3.2,2.6832815729997477,5
high_depth,traditional,liquidity,0.41686097839933006,0.019869708058295896,5,0.6989455124662752,0.0015504353705271532,5,0.7379708495385249,0.017697750315213305,5,0.9710285808917574,0.00011834611614831314,5,8.8,2.588435821108957,5
high_depth,traditional,volatility,0.03460781247564406,0.0028773795866590475,5,0.08147034424957562,0.021692115610525815,5,0.07624295519115323,0.04211664161244022,5,0.01238539647945891,0.007814738933320953,5,0.8,0.8366600265340756,5
high_lp_tolerance,amm,fundamental,0.024746462900566996,0.0011169411439069733,5,0.11193874819818476,0.013476416652324602,5,-0.0609162692358355,0.03356621876510419,5,0.008265505397593386,0.0035380238180353976,5,4.0,2.7386127875258306,5
high_lp_tolerance,amm,liquidity,0.028496673917016057,0.0018210696199087342,5,0.07783746162778041,0.016973698937455477,5,-0.12522506527176563,0.02208821757246967,5,0.253362348583192,0.0025256365146803647,5,9.0,9.300537618869138,5
high_lp_tolerance,amm,volatility,0.02333566631873369,0.001148361665353199,5,0.06944501205749712,0.013385715482195602,5,-0.02256440650030736,0.014759346510939117,5,0.00038563494319143743,0.007456460694418738,5,1.8,1.0954451150103324,5
high_lp_tolerance,traditional,fundamental,0.03209212273220749,0.0020751416365804133,5,0.11647246577445122,0.006161177228100743,5,0.017694169461865444,0.050089759996394125,5,0.0031362374526433976,0.003571269980184204,5,3.4,2.6076809620810595,5
high_lp_tolerance,traditional,liquidity,0.4196526388328964,0.02395519320633397,5,0.7006837796605474,0.003307696889188311,5,0.7299320067554842,0.015349730806422613,5,0.969354427548822,0.00017118861376652067,5,10.0,1.8708286933869707,5
high_lp_tolerance,traditional,volatility,0.035541592345214555,0.0029913152303006315,5,0.08609910715161999,0.022621213183383254,5,0.06279462716104937,0.03996201465834737,5,0.008988750375628674,0.006071419799209036,5,1.6,1.816590212458495,5
long_signals,amm,fundamental,0.024452195485476735,0.0009102841850319229,5,0.11115030010133942,0.013539355804908481,5,-0.052770705341091774,0.03236411438064615,5,0.008116066972581404,0.0033815944440273907,5,1.6,1.140175425099138,5
long_signals,amm,liquidity,0.02782087961958215,0.0016555899666833105,5,0.07619654558062947,0.016481425762298905,5,-0.12214430623991804,0.0195117442194557,5,0.25333492338949093,0.002421093073332806,5,4.8,5.761944116355173,5
long_signals,amm,volatility,0.02282933424889086,0.0012029556799006546,5,0.06931249288819614,0.013375769730176488,5,-0.01372002760514408,0.02113463683555923,5,0.00029883795868026477,0.007320755480387164,5,1.6,0.8944271909999159,5
long_signals,traditional,fundamental,0.03213434732302135,0.0019506580043467609,5,0.11659190302878375,0.0057451724264897626,5,0.015629894617088025,0.047999568630629534,5,0.0037427843509515004,0.005457924858090595,5,3.2,2.6832815729997477,5
long_signals,traditional,liquidity,0.37727476331681425,0.01877535349750226,5,0.7170535030694144,0.003013574964377871,5,0.6957156752421835,0.03725734599256638,5,0.970581252405052,0.0006134120646005105,5,3.6,2.3021728866442674,5
long_signals,traditional,volatility,0.03557984192348917,0.0029929670190668215,5,0.08609637948520517,0.022787345676323234,5,0.06265403503463002,0.03954636043789067,5,0.0068135815565873335,0.006919800348478132,5,1.2,1.6431676725154982,5
low_depth,amm,fundamental,0.024746462900566996,0.0011169411439069733,5,0.11193874819818476,0.013476416652324602,5,-0.0609162692358355,0.03356621876510419,5,0.008265505397593386,0.0035380238180353976,5,4.0,2.7386127875258306,5
low_depth,amm,liquidity,0.028496673917016057,0.0018210696199087342,5,0.07783746162778041,0.016973698937455477,5,-0.12522506527176563,0.02208821757246967,5,0.253362348583192,0.0025256365146803647,5,9.0,9.300537618869138,5
low_depth,amm,volatility,0.02333566631873369,0.001148361665353199,5,0.06944501205749712,0.013385715482195602,5,-0.02256440650030736,0.014759346510939117,5,0.00038563494319143743,0.007456460694418738,5,1.8,1.0954451150103324,5
low_depth,traditional,fundamental,0.03673100091037272,0.0028647705525486804,5,0.132512230737053,0.00773122664193159,5,-0.039380677889925775,0.04646921701598661,5,0.004846826705211593,0.0075684763428507966,5,1.4,1.6733200530681511,5
low_depth,traditional,liquidity,0.42419609778198986,0.01801943934659284,5,0.7027248754190016,0.0040585009628251985,5,0.7151496713561529,0.0240853540246654,5,0.9709459928167938,0.00026106603740357027,5,32.8,14.515508947329405,5
low_depth,traditional,volatility,0.04015359722278033,0.0034778602114222614,5,0.10353480066058049,0.025021744810262838,5,0.010661182998799113,0.03427409051261322,5,0.010633708661496377,0.010117452584470246,5,3.2,3.7013511046643495,5
low_lp_tolerance,amm,fundamental,0.024746462900566996,0.0011169411439069733,5,0.11193874819818476,0.013476416652324602,5,-0.0609162692358355,0.03356621876510419,5,0.008265505397593386,0.0035380238180353976,5,4.0,2.7386127875258306,5
low_lp_tolerance,amm,liquidity,0.028496673917016057,0.0018210696199087342,5,0.07783746162778041,0.016973698937455477,5,-0.12522506527176563,0.02208821757246967,5,0.253362348583192,0.0025256365146803647,5,9.0,9.300537618869138,5
low_lp_tolerance,amm,volatility,0.02333566631873369,0.001148361665353199,5,0.06944501205749712,0.013385715482195602,5,-0.02256440650030736,0.014759346510939117,5,0.00038563494319143743,0.007456460694418738,5,1.8,1.0954451150103324,5
low_lp_tolerance,traditional,fundamental,0.03259655231053028,0.0021788694400358692,5,0.11794254103945605,0.006300545926995016,5,0.010192762812893896,0.05017767869785654,5,0.006420296609489795,0.007612402181440657,5,3.4,2.6076809620810595,5
low_lp_tolerance,traditional,liquidity,0.41860707707587563,0.020543217810016598,5,0.6997834724247987,0.002688697287177862,5,0.7267339414859549,0.021069598943810226,5,0.9737559685059782,0.0001222138220867095,5,19.4,19.39845354661036,5
low_lp_tolerance,traditional,volatility,0.03608126767339245,0.0030644496726261387,5,0.08755448606581498,0.02308307852945373,5,0.05581945473133824,0.0391637100825291,5,0.0180458091566869,0.012720261258079466,5,1.6,1.816590212458495,5
mild_shock,amm,fundamental,0.022370879502275304,0.0011731097049827487,5,0.09680700784255929,0.013560612359596805,5,-0.05764859139967822,0.030933260943807696,5,0.0038893183739116656,0.0035877291199116336,5,4.2,2.949576240750525,5
mild_shock,amm,liquidity,0.028496673917016057,0.0018210696199087342,5,0.07783746162778041,0.016973698937455477,5,-0.12522506527176563,0.02208821757246967,5,0.253362348583192,0.0025256365146803647,5,9.0,9.300537618869138,5
mild_shock,amm,volatility,0.02129351701887286,0.0011433644209877952,5,0.06661470830378141,0.013750275680788382,5,-0.0533904243220128,0.029574951923879003,5,5.061444949761018e-06,0.0055523719251276095,5,2.2,2.3874672772626644,5
mild_shock,traditional,fundamental,0.02966573998487108,0.0021981750177408597,5,0.10177030379773362,0.006016191886752685,5,0.03155129125589597,0.05450301043190389,5,0.0024791863215899213,0.004876428091028059,5,3.0,2.23606797749979,5
mild_shock,traditional,liquidity,0.4243685223485166,0.026819178715606008,5,0.698808816462784,0.004554518357420223,5,0.7080460865635974,0.05857465956052849,5,0.9089626131427568,0.0012497517548701962,5,27.4,15.773395322504284,5
mild_shock,traditional,volatility,0.030406846539326782,0.0023547974071305854,5,0.08253837848106524,0.02101287332587042,5,0.059694148791916445,0.04371665038095718,5,0.005756507086835417,0.00786024160983506,5,1.8,1.6431676725154984,5
more_fundamental_traders,amm,fundamental,0.02365313039149358,0.0005008387777131019,5,0.10809210984946709,0.008983883847623194,5,-0.10682576961098841,0.03746242959014604,5,0.011924169430870556,0.00260133435590159,5,1.2,0.8366600265340756,5
more_fundamental_traders,amm,liquidity,0.027420180220229108,0.0009645136988481737,5,0.07219035182770255,0.00709227855398496,5,-0.1456808511741368,0.023991447268615466,5,0.25597555038698355,0.0019497321407822498,5,2.8,2.7748873851023212,5
more_fundamental_traders,amm,volatility,0.023872709805583123,0.002747814995192581,5,0.07459933641683378,0.015166974808092988,5,-0.03946434874503802,0.03142181756194408,5,0.0010074913897515137,0.004675364648473982,5,4.2,3.1937438845342623,5
more_fundamental_traders,traditional,fundamental,0.03242572752197774,0.0034810715925987002,5,0.11412529682294723,0.01694777733854225,5,0.016159494183184655,0.01612027047897802,5,0.0033909918417244,0.010473145394826624,5,3.2,3.1144823004794873,5
more_fundamental_traders,traditional,liquidity,0.40399349690438296,0.017991555764116793,5,0.6565550248021593,0.00531971465690168,5,0.6776016087443628,0.020277679120174308,5,0.9707656992930872,0.00021167001860183626,5,24.4,18.379336223052235,5
more_fundamental_traders,traditional,volatility,0.03586358199585288,0.0037986426529746944,5,0.08809742014862898,0.02181222389204981,5,0.10834544718241981,0.043802401227383374,5,0.009548295730407474,0.012203140951787742,5,2.4,3.0495901363953815,5
more_noise_traders,amm,fundamental,0.022866317490241077,0.0007402456664009208,5,0.10979797199998145,0.014459362686816529,5,-0.10398453017301712,0.015129201918917033,5,0.01148406319096702,0.0015038547899404006,5,1.0,1.414213562373095,5
more_noise_traders,amm,liquidity,0.02681610914865103,0.001991261271626756,5,0.07609534955382613,0.014793610788490515,5,-0.16282867603573964,0.016791837400734113,5,0.2553991852749635,0.0011131797876300492,5,3.6,4.9295030175464944,5
more_noise_traders,amm,volatility,0.021294161162830925,0.001903502761071876,5,0.05344318719728754,0.01414188052324997,5,-0.05692985888982288,0.05042763998673321,5,-0.00180897893004468,0.006787766256858543,5,3.6,2.3021728866442674,5
more_noise_traders,traditional,fundamental,0.028621266566686045,0.001715136698883294,5,0.12024700189296497,0.015307721838374207,5,0.01685128168135295,0.05461837099984562,5,0.0017642868403583423,0.005845010456598427,5,1.4,2.1908902300206643,5
more_noise_traders,traditional,liquidity,0.43355388554418217,0.011112560755016428,5,0.7463301237451503,0.004976065548699897,5,0.7797708637058676,0.017703048092008154,5,0.9710962037880364,0.00010859922152785653,5,10.6,3.847076812334269,5
more_noise_traders,traditional,volatility,0.036375311906092105,0.002054004073054398,5,0.08055932617200268,0.016680020770089652,5,0.05794620425765301,0.037396893714212155,5,0.015434471370074277,0.005489167415583631,5,1.2,0.8366600265340756,5
severe_shock,amm,fundamental,0.027433360087176485,0.0010450157528092475,5,0.1255427670738442,0.01339504658436157,5,-0.0627566311241476,0.03466501193771834,5,0.012527765831365834,0.003490725191968358,5,3.2,2.16794833886788,5
severe_shock,amm,liquidity,0.028496673917016057,0.0018210696199087342,5,0.07783746162778041,0.016973698937455477,5,-0.12522506527176563,0.02208821757246967,5,0.253362348583192,0.0025256365146803647,5,9.0,9.300537618869138,5
severe_shock,amm,volatility,0.026353621427815478,0.001346096959001248,5,0.07297563980546609,0.013643895554093484,5,0.008244971180181542,0.023796891609972923,5,0.0007549511248138962,0.009401023623172388,5,3.0,2.449489742783178,5
severe_shock,traditional,fundamental,0.03509328083079562,0.0020559053998019136,5,0.1307051686722273,0.0063586063333815925,5,0.003974068212190861,0.04683348576474591,5,0.006174916807627407,0.004763613034188332,5,3.4,2.6076809620810595,5
severe_shock,traditional,liquidity,0.4271054178495355,0.015846447752456774,5,0.7015371409109001,0.004261524230828381,5,0.7132320606797273,0.02349212993197863,5,0.995978223940155,1.9497405170617536e-05,5,17.2,9.093954035511727,5
severe_shock,traditional,volatility,0.0424964836245289,0.0035937043778248583,5,0.09268266039041255,0.02387027338227777,5,0.0638127108379797,0.038297195604374126,5,0.019824565688164042,0.008497473881712403,5,1.6,1.816590212458495,5
short_signals,amm,fundamental,0.025270899911227773,0.0011459398921472798,5,0.11231161337191557,0.0134879335060056,5,-0.06913998300696611,0.0330608961573437,5,0.008375863166174047,0.0035894221947732935,5,3.2,2.588435821108957,5
short_signals,amm,liquidity,0.031430937278508896,0.003036953369430516,5,0.07953702889045755,0.01661627740393272,5,-0.14024862654041517,0.025549242259566785,5,0.25332843918764303,0.002549990787203994,5,9.4,12.320714265009151,5
short_signals,amm,volatility,0.02395287837002828,0.0010417883723820083,5,0.0697904600240958,0.013342769648828233,5,-0.03148854328449901,0.017227399733612314,5,0.00043977732027393744,0.007544180243615772,5,2.0,1.0,5
short_signals,traditional,fundamental,0.03235669097090994,0.0022717754166313438,5,0.11710624644121066,0.006433658644165667,5,0.014373583371210868,0.05186487052630042,5,0.003320685404960644,0.005910098363619129,5,1.6,2.6076809620810595,5
short_signals,traditional,liquidity,0.4675140393705794,0.021971164701188303,5,0.6996561731680141,0.002444990487823874,5,0.6514773232568206,0.021580339426101224,5,0.97073141257697,0.0002615148089964128,5,32.4,15.42076522096099,5
short_signals,traditional,volatility,0.03606842144387677,0.0030483549211349835,5,0.0868097169346865,0.02211282012667575,5,0.05424143677762674,0.035642759404959826,5,0.016017595745121405,0.011552511473417489,5,1.2,1.3038404810405297,5
slow_rebalancing,amm,fundamental,0.02092386406787336,0.0012456751718064845,5,0.10937061338459309,0.013382274411922272,5,0.007798558967783828,0.03567387694398095,5,0.008255651864798996,0.003519095699629157,5,2.2,0.8366600265340756,5
slow_rebalancing,amm,liquidity,0.020178634247964605,0.0017253799251338866,5,0.07311708203982642,0.016015157897503688,5,-0.04147105357230681,0.034441733684613465,5,0.25336500368468,0.0025412280966084027,5,7.0,7.106335201775948,5
slow_rebalancing,amm,volatility,0.01965133685009899,0.0011600087725047073,5,0.06740815462490428,0.013116587560849786,5,0.04076210750474239,0.029243863187867113,5,0.00038068525237133777,0.007455400362187821,5,2.6,2.701851217221259,5
slow_rebalancing,traditional,fundamental,0.030728984030602056,0.0019307400375526266,5,0.11449978904774982,0.006719219120120973,5,0.03928815730431477,0.05126925135312939,5,0.004972539579188218,0.0032609062105673323,5,3.2,2.6832815729997477,5
slow_rebalancing,traditional,liquidity,0.31012653802818624,0.01910892746030274,5,0.6268011907497539,0.004368289767369258,5,0.5709794393724038,0.043499795218860035,5,0.9696707760322901,7.735311951769273e-05,5,17.2,4.43846820423443,5
slow_rebalancing,traditional,volatility,0.0343357318192505,0.002931597419733081,5,0.08401687994105281,0.022091434612189355,5,0.08143239442811392,0.04384296285838927,5,0.01322034290539036,0.006816230972677603,5,2.0,1.224744871391589,5
