Outcome,Term,Coefficient,StdError,NormalApproxP,CI95Low,CI95High,StandardisedEffect
realised_volatility,Intercept,0.01810610238112287,0.0010937130384632554,0.0,0.015962424825734886,0.02024977993651085,0.8490455983584436
realised_volatility,participation,0.02397347075566285,0.0017971219989684007,0.0,0.020451111637684784,0.027495829873640912,0.3142550338817577
realised_volatility,similarity,-0.00047182341034861415,0.0012021163605215874,0.6946932735287785,-0.0028279714769709253,0.001884324656273697,-0.008146938922992255
realised_volatility,participation_x_similarity,0.011935019275409277,0.0025702328914899496,3.4246381530600445e-06,0.006897362808088976,0.01697267574272958,0.12091573766122667
realised_volatility,amm,-0.011365754244662414,0.0008851872791085346,0.0,-0.013100721311715142,-0.009630787177609686,-0.266516793825732
realised_volatility,participation_x_amm,-0.01959324911193188,0.0018926100123170138,0.0,-0.023302764736073227,-0.015883733487790534,-0.2503338579904198
realised_volatility,shock_liquidity,0.007014918439145337,0.0006478907476913491,0.0,0.005745052573670292,0.008284784304620381,0.15508603170619212
realised_volatility,shock_volatility,0.0020438234482365574,0.0006478907476913483,0.0016072909005715452,0.0007739575827615146,0.0033136893137116,0.04518491139202633
realised_volatility,safeguard_circuit_breaker,0.006968412314417125,0.0009162558823211513,2.842170943040401e-14,0.005172550785067669,0.008764273843766582,0.12179344244245138
realised_volatility,safeguard_execution_delay,0.0007444631112657057,0.0009162558823211512,0.41650152709318666,-0.0010513984180837506,0.002540324640615162,0.013011676261589321
realised_volatility,safeguard_liquidity_buffer,0.0013510278713498415,0.0009162558823211512,0.1403445004015249,-0.0004448336579996148,0.003146889400699298,0.023613174402289664
realised_volatility,safeguard_none,0.010548443596793165,0.0009162558823211512,0.0,0.008752582067443709,0.01234430512614262,0.18436498876587137
realised_volatility,safeguard_position_limit,0.006936671390513722,0.0009162558823211512,3.708144902248023e-14,0.005140809861164266,0.008732532919863178,0.12123867670614426
maximum_drawdown,Intercept,0.07321502313065423,0.0032597961463652673,0.0,0.0668258226837783,0.07960422357753015,1.2782026321032514
maximum_drawdown,participation,0.07373728883834058,0.0053562965428451854,0.0,0.06323894761436401,0.08423563006231714,0.35985865768435854
maximum_drawdown,similarity,-0.0011350173354052091,0.003582890705058156,0.7514043527429037,-0.008157483117319194,0.005887448446508776,-0.007296438567556129
maximum_drawdown,participation_x_similarity,0.013990489756678836,0.00766054255576261,0.06780428172153785,-0.0010241736526158795,0.029005153165973553,0.052769877172491396
maximum_drawdown,amm,0.007958792873187147,0.0026382880881660993,0.0025558437398325307,0.002787748220381592,0.013129837525992703,0.06948114740016026
maximum_drawdown,participation_x_amm,-0.07144639919715672,0.005640897207728219,0.0,-0.08250255772430402,-0.06039024067000941,-0.339849737357237
maximum_drawdown,shock_liquidity,-0.01211159283519837,0.001931029153275406,3.562286021718819e-10,-0.015896409975618166,-0.008326775694778573,-0.09968843554787388
maximum_drawdown,shock_volatility,-0.0310791883126705,0.0019310291532754036,0.0,-0.03486400545309029,-0.02729437117225071,-0.25580744854499093
maximum_drawdown,safeguard_circuit_breaker,0.01454764204228503,0.0027308876178999144,9.980718362889718e-08,0.009195102311201197,0.01990018177336886,0.09466209964742076
maximum_drawdown,safeguard_execution_delay,0.001247146598684707,0.002730887617899914,0.6478997938347604,-0.004105393132399124,0.0065996863297685384,0.008115233744168346
maximum_drawdown,safeguard_liquidity_buffer,0.002028624920387039,0.002730887617899914,0.45757581402458425,-0.0033239148106967925,0.00738116465147087,0.013200345032049997
maximum_drawdown,safeguard_none,0.025633447191048746,0.002730887617899914,0.0,0.020280907459964914,0.03098598692213258,0.16679788554412464
maximum_drawdown,safeguard_position_limit,0.016904400470538837,0.002730887617899914,6.013540776450554e-10,0.011551860739455005,0.02225694020162267,0.10999762278799553
mean_pairwise_correlation,Intercept,0.07873946517661125,0.005592723651275145,0.0,0.06777772682011196,0.08970120353311054,0.6991502976205174
mean_pairwise_correlation,participation,0.09589445512536328,0.009189619538576168,0.0,0.07788280082975399,0.11390610942097257,0.2380218731662423
mean_pairwise_correlation,similarity,-0.009160284402118097,0.006147046222033086,0.13617353270514831,-0.021208494997302943,0.002887926193066751,-0.029949941319199317
mean_pairwise_correlation,participation_x_similarity,-0.10093466447707443,0.013142937659149133,1.5987211554602254e-14,-0.12669482228900672,-0.07517450666514212,-0.19362975316281952
mean_pairwise_correlation,amm,-0.010392164156924913,0.004526422980779448,0.02168223611091591,-0.01926395319925263,-0.0015203751145971955,-0.046142844180396075
mean_pairwise_correlation,participation_x_amm,-0.2287388990026145,0.00967789941811242,0.0,-0.24770758186211483,-0.20977021614311414,-0.5533822207118496
mean_pairwise_correlation,shock_liquidity,0.027769356858607968,0.003313002387853933,0.0,0.02127587217841426,0.03426284153880168,0.11624865112568807
mean_pairwise_correlation,shock_volatility,0.06294227689381769,0.0033130023878539284,0.0,0.05644879221362399,0.06943576157401139,0.26349025024026634
mean_pairwise_correlation,safeguard_circuit_breaker,-0.00963203638007598,0.004685292909077483,0.03980156716880634,-0.018815210481867847,-0.0004488622782841123,-0.03187720414204559
mean_pairwise_correlation,safeguard_execution_delay,-0.010633805966822351,0.0046852929090774815,0.023231018801666448,-0.019816980068614216,-0.0014506318650304873,-0.035192558482490345
mean_pairwise_correlation,safeguard_liquidity_buffer,-0.01844141735020397,0.0046852929090774815,8.28432799946377e-05,-0.027624591451995834,-0.009258243248412108,-0.061031831935052995
mean_pairwise_correlation,safeguard_none,-0.005280552218568168,0.004685292909077482,0.2597219871715706,-0.014463726320360033,0.0039026218832236975,-0.017475976461449102
mean_pairwise_correlation,safeguard_position_limit,-0.02345063210087453,0.0046852929090774815,5.581617894545587e-07,-0.03263380620266639,-0.014267457999082666,-0.07760981761716396
normalised_liquidity_deterioration,Intercept,0.03590454155360598,0.009841767698004494,0.0002641044318303365,0.01661467686551717,0.05519440624169479,0.11754758778586209
normalised_liquidity_deterioration,participation,8.72773327579568e-05,0.016171387390308305,0.9956938204142549,-0.03160864195224632,0.03178319661776224,7.987503980136448e-05
normalised_liquidity_deterioration,similarity,-1.4810185756768124e-05,0.010817234091720633,0.998907593681901,-0.02121658900552921,0.021186968634015674,-1.7853927759407124e-05
normalised_liquidity_deterioration,participation_x_similarity,-0.0012119949850188452,0.023128219339285418,0.9582073457968743,-0.04654330489001826,0.04411931491998057,-0.000857272357357727
normalised_liquidity_deterioration,amm,-0.1743122115644339,0.007965350383365252,0.0,-0.1899242983158298,-0.15870012481303802,-0.28537269996453274
normalised_liquidity_deterioration,participation_x_amm,-0.0005102659702753386,0.017030635485806418,0.9760976368642176,-0.03389031152245592,0.032869779581905234,-0.00045516413149581384
normalised_liquidity_deterioration,shock_liquidity,0.5160227129543314,0.0058300395151400786,0.0,0.5045958355046569,0.527449590404006,0.7964842048669593
normalised_liquidity_deterioration,shock_volatility,-0.003649315629208706,0.005830039515140071,0.5313474679914743,-0.015076193078883245,0.007777561820465833,-0.005632740932269976
normalised_liquidity_deterioration,safeguard_circuit_breaker,0.08679894738627557,0.008244920951482167,0.0,0.07063890232137052,0.10295899245118062,0.10591630393384491
normalised_liquidity_deterioration,safeguard_execution_delay,0.08635653454573204,0.008244920951482163,0.0,0.070196489480827,0.10251657961063708,0.10537645023406773
normalised_liquidity_deterioration,safeguard_liquidity_buffer,1.9247005693289604e-05,0.008244920951482163,0.9981374139513342,-0.01614079805921175,0.01617929207059833,2.348613394762479e-05
normalised_liquidity_deterioration,safeguard_none,0.08683752579449769,0.008244920951482165,0.0,0.07067748072959265,0.10299757085940273,0.1059633791868702
normalised_liquidity_deterioration,safeguard_position_limit,0.08678715359194078,0.008244920951482163,0.0,0.07062710852703574,0.10294719865684582,0.10590191257147344
recovery_time,Intercept,2.3842380085002812,0.25890918534713947,0.0,1.8767760052198879,2.8917000117806744,0.5644989107773395
recovery_time,participation,-0.018998178506385743,0.4254236498598379,0.9643806437293396,-0.852828532231668,0.8148321752188965,-0.001257392170528093
recovery_time,similarity,-0.4430100182149309,0.2845709584229016,0.11952636481682233,-1.0007690967238179,0.11474906029395615,-0.038622108600776694
recovery_time,participation_x_similarity,0.7407103825136507,0.6084383020825096,0.22345356714987696,-0.4518286895680681,1.9332494545953696,0.037889213932491714
recovery_time,amm,2.3848148148148205,0.20954593138585992,0.0,1.974104789298535,2.795524840331106,0.28235041987117326
recovery_time,participation_x_amm,-4.642222222222218,0.4480280468790446,0.0,-5.520357194105145,-3.7640872503392906,-0.2994653069625148
recovery_time,shock_liquidity,0.6319444444444506,0.15337191729414668,3.783137227486577e-05,0.33133548654792316,0.932553402340978,0.07054015603013554
recovery_time,shock_volatility,0.19791666666666774,0.15337191729414648,0.19689926701463722,-0.10269229122985934,0.4985256245631948,0.02209224666877862
recovery_time,safeguard_circuit_breaker,0.48888888888888904,0.216900645524547,0.02419766640235288,0.06376362366077692,0.9140141541170012,0.043142736793806764
recovery_time,safeguard_execution_delay,0.11666666666666663,0.21690064552454694,0.5906594274863166,-0.30845859856144536,0.5417919318947786,0.01029542582579479
recovery_time,safeguard_liquidity_buffer,0.3416666666666659,0.21690064552454694,0.11520521289574193,-0.0834585985614461,0.7667919318947779,0.03015088991839897
recovery_time,safeguard_none,0.46527777777777685,0.21690064552454696,0.03194330347720209,0.04015251254966479,0.8904030430058889,0.04105913871001487
recovery_time,safeguard_position_limit,0.44722222222222086,0.21690064552454694,0.039219548797545745,0.02209695699410885,0.8723474874503329,0.03946579899887992
peak_herding,Intercept,0.16596603657463355,0.011435072463534438,0.0,0.14355329454610605,0.18837877860316105,0.7111226050206776
peak_herding,participation,0.5479408657690663,0.01878940778916748,0.0,0.5111136265022981,0.5847681050358345,0.6563027734358381
peak_herding,similarity,0.0018910830370379716,0.012568459192439686,0.8803996563516137,-0.022743096980143814,0.026525263054219757,0.0029836288124047705
peak_herding,participation_x_similarity,0.042478994501648056,0.0268724961015765,0.1139326890305219,-0.010191097857441885,0.095149086860738,0.03932358928496662
peak_herding,amm,0.01576418766154855,0.009254877947352042,0.08850478526836625,-0.0023753731152614498,0.033903748438358555,0.03377669352594056
peak_herding,participation_x_amm,-0.1394061240238868,0.019787761391657718,1.8536283619141614e-12,-0.1781901363515359,-0.10062211169623768,-0.16274745392240403
peak_herding,shock_liquidity,0.056272395018422766,0.006773877047962967,0.0,0.042995596004415354,0.06954919403243018,0.1136749247774844
peak_herding,shock_volatility,7.578142541359023e-05,0.006773877047962959,0.9910740086253622,-0.01320101758859381,0.01335258043942099,0.0001530847910525253
peak_herding,safeguard_circuit_breaker,-0.04086829286259648,0.009579708791077057,1.9889200245426508e-05,-0.05964452209310751,-0.02209206363208545,-0.06526732019683416
peak_herding,safeguard_execution_delay,-0.009503040721855122,0.009579708791077056,0.3211990733750514,-0.02827926995236615,0.009273188508655907,-0.015176508686628483
peak_herding,safeguard_liquidity_buffer,-0.0791630260897676,0.009579708791077056,0.0,-0.09793925532027863,-0.06038679685925656,-0.12642462431504997
peak_herding,safeguard_none,-0.04097052324513892,0.009579708791077056,1.8959680129881917e-05,-0.05974675247564995,-0.02219429401462789,-0.06543058375995081
peak_herding,safeguard_position_limit,-0.024851568882880176,0.009579708791077056,0.009481453074445145,-0.04362779811339121,-0.006075339652369147,-0.03968835471366373
peak_asset_herding,Intercept,0.24513718948214772,0.016566263232349884,0.0,0.21266731354674195,0.2776070654175535,0.5913159587972506
peak_asset_herding,participation,0.967997521037317,0.027220664880605747,0.0,0.9146450178713297,1.0213500242033042,0.6527245225970248
peak_asset_herding,similarity,0.09030995150644816,0.01820822771967355,7.055016082446741e-07,0.054621825175888004,0.1259980778370083,0.0802148800980139
peak_asset_herding,participation_x_similarity,0.3448683992002799,0.038930828427073544,0.0,0.26856397548321576,0.42117282291734404,0.1797287114173172
peak_asset_herding,amm,-0.010557591009158873,0.013407763243129898,0.431033857085402,-0.03683680696569347,0.015721624947375726,-0.012734899065014895
peak_asset_herding,participation_x_amm,-0.05822433229220575,0.028667003645013203,0.04224916368969378,-0.11441165943643163,-0.002037005147979873,-0.038266787404279565
peak_asset_herding,shock_liquidity,-0.010419909225763246,0.009813477845285341,0.28832841236439166,-0.029654325802522516,0.008814507350996023,-0.01184999992681286
peak_asset_herding,shock_volatility,-0.0024627443991562803,0.009813477845285329,0.8018486592065326,-0.021697160975915526,0.016771672177602965,-0.0028007461790170293
peak_asset_herding,safeguard_circuit_breaker,-0.004587242527637092,0.013878353462850435,0.7409978759239799,-0.03178881531482394,0.02261433025954976,-0.004124260822045723
peak_asset_herding,safeguard_execution_delay,0.006130803988259936,0.013878353462850431,0.6586679676698823,-0.021070768798926907,0.03333237677544678,0.005512033546097802
peak_asset_herding,safeguard_liquidity_buffer,-0.015877365984427266,0.013878353462850431,0.2526078110051122,-0.04307893877161411,0.011324206802759577,-0.014274893488264084
peak_asset_herding,safeguard_none,-0.004587242527636981,0.013878353462850431,0.7409978759239859,-0.031788815314823825,0.022614330259549863,-0.004124260822045624
peak_asset_herding,safeguard_position_limit,-0.0047292178362790815,0.013878353462850431,0.7332826320004235,-0.031930790623465925,0.022472354950907762,-0.004251906831517043
