market,shock,safeguard,participation,similarity,realised_volatility,maximum_drawdown,mean_pairwise_correlation,normalised_liquidity_deterioration,recovery_time,peak_herding,peak_asset_herding
amm,fundamental,all,0.0,0.0,0.01711563856346984,0.09789694184878601,0.05506983295692417,0.01224804999784772,5.5,0.0,0.0
amm,fundamental,all,0.0,0.5,0.01711563856346984,0.09789694184878601,0.05506983295692417,0.01224804999784772,5.5,0.0,0.0
amm,fundamental,all,0.0,0.9,0.01711563856346984,0.09789694184878601,0.05506983295692417,0.01224804999784772,5.5,0.0,0.0
amm,fundamental,all,0.25,0.0,0.016980741824088798,0.09423602858314666,-0.003687363725210599,0.008595706521386321,1.3,0.5667821361448426,0.8597295294818516
amm,fundamental,all,0.25,0.5,0.01715717524018976,0.09450168326724076,-0.00763379021259325,0.00861824567680094,1.9,0.5583607802938511,1.0
amm,fundamental,all,0.25,0.9,0.017538060189743278,0.09462594330184396,-0.021668447482336588,0.00861778318750058,1.5,0.5913490165251625,1.0
amm,fundamental,all,0.5,0.0,0.01796129084010421,0.10446106150675935,0.000871704722242729,0.01060553250749971,5.4,0.4541679194083869,0.8017497077696953
amm,fundamental,all,0.5,0.5,0.01847444764063683,0.10487952838254744,-0.01444258044401495,0.01059362954779069,4.7,0.4828013684704418,1.0
amm,fundamental,all,0.5,0.9,0.01954880815232056,0.10567083553670704,-0.03462297355046963,0.01057043099041626,3.9,0.5083121910395045,1.0
amm,fundamental,all,0.75,0.0,0.01661286995005756,0.1079284708144194,0.014164925040444231,0.01289212786238327,1.7,0.41574432890570934,0.7641118855021982
amm,fundamental,all,0.75,0.5,0.01794719871050222,0.10843219992622251,-0.016733001859977628,0.012952420418160299,2.0,0.44151002506663983,1.0
amm,fundamental,all,0.75,0.9,0.020356427263394823,0.10958422715539118,-0.0658501112385711,0.012882808022319258,1.5,0.4570421347176522,1.0
amm,fundamental,circuit_breaker,0.0,0.0,0.01711563856346984,0.09789694184878601,0.05506983295692417,0.01224804999784772,5.5,0.0,0.0
amm,fundamental,circuit_breaker,0.0,0.5,0.01711563856346984,0.09789694184878601,0.05506983295692417,0.01224804999784772,5.5,0.0,0.0
amm,fundamental,circuit_breaker,0.0,0.9,0.01711563856346984,0.09789694184878601,0.05506983295692417,0.01224804999784772,5.5,0.0,0.0
amm,fundamental,circuit_breaker,0.25,0.0,0.01696511557085422,0.10728733024181662,0.01972117227453673,0.013833194059631121,1.0,0.480152893065443,0.6826666666666666
amm,fundamental,circuit_breaker,0.25,0.5,0.017598697481707108,0.10770008261010697,-0.0064061087587766906,0.0138311192274308,1.0,0.4614460763259595,1.0
amm,fundamental,circuit_breaker,0.25,0.9,0.01886825604443039,0.10822026016152611,-0.04060158257200082,0.01382945478575938,0.6,0.4692645851985751,1.0
amm,fundamental,circuit_breaker,0.5,0.0,0.01819616206718693,0.10578228505967038,0.031274197782187915,0.010784817742470889,2.6,0.39010955893215044,0.7133333333333333
amm,fundamental,circuit_breaker,0.5,0.5,0.0204220661909022,0.10694340641236286,-0.02876786291562335,0.01076627849923715,2.5,0.3852298972256649,1.0
amm,fundamental,circuit_breaker,0.5,0.9,0.024078341166183147,0.10855078062661631,-0.08503262878155572,0.010787021229295621,1.2,0.3958583900464783,1.0
amm,fundamental,circuit_breaker,0.75,0.0,0.01784601788078476,0.09845828163800284,-0.013792263285527528,0.0123236547612477,3.0,0.3622367098047906,0.6915555555555556
amm,fundamental,circuit_breaker,0.75,0.5,0.02252710560727224,0.10053742968597479,-0.09489750657958822,0.01235962696327884,0.9,0.37208638982166103,1.0
amm,fundamental,circuit_breaker,0.75,0.9,0.02931626427549322,0.10303349486011451,-0.1411055276912813,0.01228640087776276,2.4,0.3483491076542925,1.0
amm,fundamental,execution_delay,0.0,0.0,0.01711563856346984,0.09789694184878601,0.05506983295692417,0.01224804999784772,5.5,0.0,0.0
amm,fundamental,execution_delay,0.0,0.5,0.01711563856346984,0.09789694184878601,0.05506983295692417,0.01224804999784772,5.5,0.0,0.0
amm,fundamental,execution_delay,0.0,0.9,0.01711563856346984,0.09789694184878601,0.05506983295692417,0.01224804999784772,5.5,0.0,0.0
amm,fundamental,execution_delay,0.25,0.0,0.01698030085372432,0.09425566959413625,-0.0029767150481137096,0.00861264991410654,1.3,0.5690072636461865,0.8558972141944278
amm,fundamental,execution_delay,0.25,0.5,0.01715785956616497,0.09450035474680817,-0.00753269550316898,0.00862519884178229,1.9,0.616229014671217,1.0
amm,fundamental,execution_delay,0.25,0.9,0.0175439363138208,0.09466067748474452,-0.02175553819796284,0.00862326087308853,1.5,0.6197568739504223,1.0
amm,fundamental,execution_delay,0.5,0.0,0.01796657629091846,0.10450506484041755,0.0008193309290343807,0.01063065160337219,5.4,0.4665227323256712,0.8017497077696953
amm,fundamental,execution_delay,0.5,0.5,0.01847348630430422,0.10490366194555975,-0.015572546846972951,0.01060334339301858,4.7,0.47411313025243373,1.0
amm,fundamental,execution_delay,0.5,0.9,0.01953754362042644,0.10573396146187805,-0.035394075960225015,0.010592893545055129,3.9,0.4709934326002273,1.0
amm,fundamental,execution_delay,0.75,0.0,0.01662310759320553,0.1080592111018382,0.01473416954994618,0.01293509144832897,1.8,0.4161604625790732,0.7624589929402148
amm,fundamental,execution_delay,0.75,0.5,0.01794160836516169,0.10869402357868421,-0.017154768460019933,0.01296470223181764,2.0,0.44634203583108584,1.0
amm,fundamental,execution_delay,0.75,0.9,0.02037357564747764,0.1097686339593797,-0.06585236161355336,0.01291975746814085,1.5,0.40721918170056803,1.0
amm,fundamental,liquidity_buffer,0.0,0.0,0.01711563856346984,0.09789694184878601,0.05506983295692417,0.01224804999784772,5.5,0.0,0.0
amm,fundamental,liquidity_buffer,0.0,0.5,0.01711563856346984,0.09789694184878601,0.05506983295692417,0.01224804999784772,5.5,0.0,0.0
amm,fundamental,liquidity_buffer,0.0,0.9,0.01711563856346984,0.09789694184878601,0.05506983295692417,0.01224804999784772,5.5,0.0,0.0
amm,fundamental,liquidity_buffer,0.25,0.0,0.01696511557085422,0.10728733024181662,0.01972117227453673,0.013833194059631121,1.0,0.480152893065443,0.6826666666666666
amm,fundamental,liquidity_buffer,0.25,0.5,0.017598697481707108,0.10770008261010697,-0.0064061087587766906,0.0138311192274308,1.0,0.4614460763259595,1.0
amm,fundamental,liquidity_buffer,0.25,0.9,0.01886825604443039,0.10822026016152611,-0.04060158257200082,0.01382945478575938,0.6,0.4692645851985751,1.0
amm,fundamental,liquidity_buffer,0.5,0.0,0.01819616206718693,0.10578228505967038,0.031274197782187915,0.010784817742470889,2.6,0.39010955893215044,0.7133333333333333
amm,fundamental,liquidity_buffer,0.5,0.5,0.0204220661909022,0.10694340641236286,-0.02876786291562335,0.01076627849923715,2.5,0.3852298972256649,1.0
amm,fundamental,liquidity_buffer,0.5,0.9,0.024078341166183147,0.10855078062661631,-0.08503262878155572,0.010787021229295621,1.2,0.3958583900464783,1.0
amm,fundamental,liquidity_buffer,0.75,0.0,0.01784601788078476,0.09845828163800284,-0.013792263285527528,0.0123236547612477,3.0,0.3622367098047906,0.6915555555555556
amm,fundamental,liquidity_buffer,0.75,0.5,0.02252710560727224,0.10053742968597479,-0.09489750657958822,0.01235962696327884,0.9,0.37208638982166103,1.0
amm,fundamental,liquidity_buffer,0.75,0.9,0.02931626427549322,0.10303349486011451,-0.1411055276912813,0.01228640087776276,2.4,0.3483491076542925,1.0
amm,fundamental,none,0.0,0.0,0.01711563856346984,0.09789694184878601,0.05506983295692417,0.01224804999784772,5.5,0.0,0.0
amm,fundamental,none,0.0,0.5,0.01711563856346984,0.09789694184878601,0.05506983295692417,0.01224804999784772,5.5,0.0,0.0
amm,fundamental,none,0.0,0.9,0.01711563856346984,0.09789694184878601,0.05506983295692417,0.01224804999784772,5.5,0.0,0.0
amm,fundamental,none,0.25,0.0,0.01696511557085422,0.10728733024181662,0.01972117227453673,0.013833194059631121,1.0,0.480152893065443,0.6826666666666666
amm,fundamental,none,0.25,0.5,0.017598697481707108,0.10770008261010697,-0.0064061087587766906,0.0138311192274308,1.0,0.4614460763259595,1.0
amm,fundamental,none,0.25,0.9,0.01886825604443039,0.10822026016152611,-0.04060158257200082,0.01382945478575938,0.6,0.4692645851985751,1.0
amm,fundamental,none,0.5,0.0,0.01819616206718693,0.10578228505967038,0.031274197782187915,0.010784817742470889,2.6,0.39010955893215044,0.7133333333333333
amm,fundamental,none,0.5,0.5,0.0204220661909022,0.10694340641236286,-0.02876786291562335,0.01076627849923715,2.5,0.3852298972256649,1.0
amm,fundamental,none,0.5,0.9,0.024078341166183147,0.10855078062661631,-0.08503262878155572,0.010787021229295621,1.2,0.3958583900464783,1.0
amm,fundamental,none,0.75,0.0,0.01784601788078476,0.09845828163800284,-0.013792263285527528,0.0123236547612477,3.0,0.3622367098047906,0.6915555555555556
amm,fundamental,none,0.75,0.5,0.02252710560727224,0.10053742968597479,-0.09489750657958822,0.01235962696327884,0.9,0.37208638982166103,1.0
amm,fundamental,none,0.75,0.9,0.02931626427549322,0.10303349486011451,-0.1411055276912813,0.01228640087776276,2.4,0.3483491076542925,1.0
amm,fundamental,position_limit,0.0,0.0,0.01711563856346984,0.09789694184878601,0.05506983295692417,0.01224804999784772,5.5,0.0,0.0
amm,fundamental,position_limit,0.0,0.5,0.01711563856346984,0.09789694184878601,0.05506983295692417,0.01224804999784772,5.5,0.0,0.0
amm,fundamental,position_limit,0.0,0.9,0.01711563856346984,0.09789694184878601,0.05506983295692417,0.01224804999784772,5.5,0.0,0.0
amm,fundamental,position_limit,0.25,0.0,0.016950381667521,0.10725032698093913,0.018798844014991118,0.013811878718142382,0.9,0.4706019992595335,0.6826666666666666
amm,fundamental,position_limit,0.25,0.5,0.01759996142998731,0.1076809246225944,-0.0062913585687241315,0.01382203193944311,1.0,0.4819952194138958,1.0
amm,fundamental,position_limit,0.25,0.9,0.01886064973988183,0.10824943893931467,-0.04011780459025084,0.013804161833851292,1.7,0.4937853742799594,1.0
amm,fundamental,position_limit,0.5,0.0,0.01818590188922619,0.10580570385534371,0.03276586209383471,0.0107458081776864,2.6,0.40320600138458873,0.7106666666666667
amm,fundamental,position_limit,0.5,0.5,0.020432447422725132,0.10692442371839292,-0.029518581859160686,0.01075538558144761,2.5,0.37244555854057104,1.0
amm,fundamental,position_limit,0.5,0.9,0.02409302061359678,0.1085185594160972,-0.08493171438650185,0.01075013429367547,1.2,0.4349857003330853,1.0
amm,fundamental,position_limit,0.75,0.0,0.017861665747461338,0.09835093994199248,-0.011302431469727942,0.01224196454650788,3.0,0.3587438632105039,0.6888888888888889
amm,fundamental,position_limit,0.75,0.5,0.02256567105056077,0.10056606832102391,-0.09686035993180415,0.01234267484841468,1.0,0.36019923305982965,1.0
amm,fundamental,position_limit,0.75,0.9,0.02929738277445368,0.10303129892951715,-0.14083920643986128,0.01221135613533628,2.4,0.4549649472748614,1.0
amm,liquidity,all,0.0,0.0,0.01129877755321141,0.0583893950380636,0.0951901542221206,0.256477250903709,6.3,0.0,0.0
amm,liquidity,all,0.0,0.5,0.01129877755321141,0.0583893950380636,0.0951901542221206,0.256477250903709,6.3,0.0,0.0
amm,liquidity,all,0.0,0.9,0.01129877755321141,0.0583893950380636,0.0951901542221206,0.256477250903709,6.3,0.0,0.0
amm,liquidity,all,0.25,0.0,0.01151021275515493,0.05506874698434233,0.08050559131181304,0.2536658789400493,4.1,0.5909758294677899,0.6785801464826233
amm,liquidity,all,0.25,0.5,0.012047429571026561,0.05543049051118225,0.05354317096964482,0.25368324218851696,2.0,0.5969734200842036,1.0
amm,liquidity,all,0.25,0.9,0.01312206952170256,0.055800910937665746,0.01636569788019281,0.25367603584498166,1.2,0.6103686833785852,1.0
amm,liquidity,all,0.5,0.0,0.013009348171219732,0.06561602081819752,0.06484881458835681,0.2548019000596356,5.9,0.47030789842739307,0.6138920377171857
amm,liquidity,all,0.5,0.5,0.014478259920209091,0.0664561465922355,0.014017907732739648,0.2548026296993715,4.1,0.47888685337245934,1.0
amm,liquidity,all,0.5,0.9,0.01720840986510046,0.06778053872016299,-0.048294029482326,0.25477234961188555,4.9,0.5137120411465491,1.0
amm,liquidity,all,0.75,0.0,0.011662029955803689,0.06998053450339992,0.045228197690225944,0.2562156980519393,2.1,0.41067486205289583,0.6185330097081899
amm,liquidity,all,0.75,0.5,0.015170337757858499,0.07101313669689749,-0.05283682191169803,0.2562392959290373,2.7,0.4047809334974966,1.0
amm,liquidity,all,0.75,0.9,0.02061614057602128,0.07285594542804029,-0.12081460744453987,0.25620055149702803,2.2,0.4872203507282302,1.0
amm,liquidity,circuit_breaker,0.0,0.0,0.01129877755321141,0.0583893950380636,0.0951901542221206,0.256477250903709,6.3,0.0,0.0
amm,liquidity,circuit_breaker,0.0,0.5,0.01129877755321141,0.0583893950380636,0.0951901542221206,0.256477250903709,6.3,0.0,0.0
amm,liquidity,circuit_breaker,0.0,0.9,0.01129877755321141,0.0583893950380636,0.0951901542221206,0.256477250903709,6.3,0.0,0.0
amm,liquidity,circuit_breaker,0.25,0.0,0.01170074808224133,0.06849555005075367,0.05854903659158913,0.2574726806826061,3.6,0.47375171577409664,0.584
amm,liquidity,circuit_breaker,0.25,0.5,0.013449537521778628,0.06914827819547878,-0.013307888902284288,0.2574649000780516,1.1,0.4425675936403314,1.0
amm,liquidity,circuit_breaker,0.25,0.9,0.01668176399797783,0.07014549225603141,-0.07723644947754432,0.2574552157737002,1.6,0.46421313505821676,1.0
amm,liquidity,circuit_breaker,0.5,0.0,0.013540966265261339,0.06717183251733559,0.038004133385378766,0.25486994392897916,2.3,0.39709521292429173,0.5573333333333333
amm,liquidity,circuit_breaker,0.5,0.5,0.019107320202201,0.06931196015665206,-0.08464305009970179,0.2548616501497951,3.7,0.3861066415277943,1.0
amm,liquidity,circuit_breaker,0.5,0.9,0.027172438302153427,0.0719558761542974,-0.14667717805284877,0.254854330129065,2.2,0.37717663884465014,1.0
amm,liquidity,circuit_breaker,0.75,0.0,0.01476551308580438,0.06218566105020364,-0.029213530341675998,0.2557125183294677,3.7,0.34609849759476347,0.6471111111111111
amm,liquidity,circuit_breaker,0.75,0.5,0.02560822998616873,0.06579100563905807,-0.15503998696172103,0.25575326617362826,2.9,0.3440134045577325,1.0
amm,liquidity,circuit_breaker,0.75,0.9,0.03970944211890533,0.07256343916125904,-0.18908219115971672,0.2556969935910664,4.8,0.33717481840687513,1.0
amm,liquidity,execution_delay,0.0,0.0,0.01129877755321141,0.0583893950380636,0.0951901542221206,0.256477250903709,6.3,0.0,0.0
amm,liquidity,execution_delay,0.0,0.5,0.01129877755321141,0.0583893950380636,0.0951901542221206,0.256477250903709,6.3,0.0,0.0
amm,liquidity,execution_delay,0.0,0.9,0.01129877755321141,0.0583893950380636,0.0951901542221206,0.256477250903709,6.3,0.0,0.0
amm,liquidity,execution_delay,0.25,0.0,0.01151230987079245,0.05507882561367128,0.07977877721747113,0.2536749418042265,4.1,0.5982920931701419,0.6785801464826233
amm,liquidity,execution_delay,0.25,0.5,0.012051822212765271,0.055411206472324094,0.053607346791518906,0.2536852790213805,2.0,0.5983235941904673,1.0
amm,liquidity,execution_delay,0.25,0.9,0.01312665344728598,0.055822001248915475,0.016837067612374707,0.25368331625537216,1.2,0.5939250003426574,1.0
amm,liquidity,execution_delay,0.5,0.0,0.01301762724035479,0.06564492748772141,0.06582743297607781,0.25481318086188,5.9,0.4929604009899218,0.6134980983232463
amm,liquidity,execution_delay,0.5,0.5,0.014469328689053141,0.06649604712196003,0.011681856614938748,0.2548060412465817,4.1,0.46713813748630717,1.0
amm,liquidity,execution_delay,0.5,0.9,0.01721219124567716,0.06781227644343306,-0.04894476538120216,0.2547857476445577,4.9,0.4758389708067304,1.0
amm,liquidity,execution_delay,0.75,0.0,0.0116387934963574,0.07007075313107489,0.040941357214860266,0.25624191628043697,2.4,0.4430076939715647,0.6202066063817867
amm,liquidity,execution_delay,0.75,0.5,0.01516637907424817,0.07121761218692718,-0.05279874312255548,0.2562441709477308,2.7,0.4254842008755822,1.0
amm,liquidity,execution_delay,0.75,0.9,0.0206744861359341,0.07303923876215562,-0.12052122644875993,0.25622168648536675,3.8,0.41714512436577456,1.0
amm,liquidity,liquidity_buffer,0.0,0.0,0.01129877755321141,0.0583893950380636,0.0951901542221206,0.256477250903709,6.3,0.0,0.0
amm,liquidity,liquidity_buffer,0.0,0.5,0.01129877755321141,0.0583893950380636,0.0951901542221206,0.256477250903709,6.3,0.0,0.0
amm,liquidity,liquidity_buffer,0.0,0.9,0.01129877755321141,0.0583893950380636,0.0951901542221206,0.256477250903709,6.3,0.0,0.0
amm,liquidity,liquidity_buffer,0.25,0.0,0.01170074808224133,0.06849555005075367,0.05854903659158913,0.2574726806826061,3.6,0.47375171577409664,0.584
amm,liquidity,liquidity_buffer,0.25,0.5,0.013449537521778628,0.06914827819547878,-0.013307888902284288,0.2574649000780516,1.1,0.4425675936403314,1.0
amm,liquidity,liquidity_buffer,0.25,0.9,0.01668176399797783,0.07014549225603141,-0.07723644947754432,0.2574552157737002,1.6,0.46421313505821676,1.0
amm,liquidity,liquidity_buffer,0.5,0.0,0.013540966265261339,0.06717183251733559,0.038004133385378766,0.25486994392897916,2.3,0.39709521292429173,0.5573333333333333
amm,liquidity,liquidity_buffer,0.5,0.5,0.019107320202201,0.06931196015665206,-0.08464305009970179,0.2548616501497951,3.7,0.3861066415277943,1.0
amm,liquidity,liquidity_buffer,0.5,0.9,0.027172438302153427,0.0719558761542974,-0.14667717805284877,0.254854330129065,2.2,0.37717663884465014,1.0
amm,liquidity,liquidity_buffer,0.75,0.0,0.01476551308580438,0.06218566105020364,-0.029213530341675998,0.2557125183294677,3.7,0.34609849759476347,0.6471111111111111
amm,liquidity,liquidity_buffer,0.75,0.5,0.02560822998616873,0.06579100563905807,-0.15503998696172103,0.25575326617362826,2.9,0.3440134045577325,1.0
amm,liquidity,liquidity_buffer,0.75,0.9,0.03970944211890533,0.07256343916125904,-0.18908219115971672,0.2556969935910664,4.8,0.33717481840687513,1.0
amm,liquidity,none,0.0,0.0,0.01129877755321141,0.0583893950380636,0.0951901542221206,0.256477250903709,6.3,0.0,0.0
amm,liquidity,none,0.0,0.5,0.01129877755321141,0.0583893950380636,0.0951901542221206,0.256477250903709,6.3,0.0,0.0
amm,liquidity,none,0.0,0.9,0.01129877755321141,0.0583893950380636,0.0951901542221206,0.256477250903709,6.3,0.0,0.0
amm,liquidity,none,0.25,0.0,0.01170074808224133,0.06849555005075367,0.05854903659158913,0.2574726806826061,3.6,0.47375171577409664,0.584
amm,liquidity,none,0.25,0.5,0.013449537521778628,0.06914827819547878,-0.013307888902284288,0.2574649000780516,1.1,0.4425675936403314,1.0
amm,liquidity,none,0.25,0.9,0.01668176399797783,0.07014549225603141,-0.07723644947754432,0.2574552157737002,1.6,0.46421313505821676,1.0
amm,liquidity,none,0.5,0.0,0.013540966265261339,0.06717183251733559,0.038004133385378766,0.25486994392897916,2.3,0.39709521292429173,0.5573333333333333
amm,liquidity,none,0.5,0.5,0.019107320202201,0.06931196015665206,-0.08464305009970179,0.2548616501497951,3.7,0.3861066415277943,1.0
amm,liquidity,none,0.5,0.9,0.027172438302153427,0.0719558761542974,-0.14667717805284877,0.254854330129065,2.2,0.37717663884465014,1.0
amm,liquidity,none,0.75,0.0,0.01476551308580438,0.06218566105020364,-0.029213530341675998,0.2557125183294677,3.7,0.34609849759476347,0.6471111111111111
amm,liquidity,none,0.75,0.5,0.02560822998616873,0.06579100563905807,-0.15503998696172103,0.25575326617362826,2.9,0.3440134045577325,1.0
amm,liquidity,none,0.75,0.9,0.03970944211890533,0.07256343916125904,-0.18908219115971672,0.2556969935910664,4.8,0.33717481840687513,1.0
amm,liquidity,position_limit,0.0,0.0,0.01129877755321141,0.0583893950380636,0.0951901542221206,0.256477250903709,6.3,0.0,0.0
amm,liquidity,position_limit,0.0,0.5,0.01129877755321141,0.0583893950380636,0.0951901542221206,0.256477250903709,6.3,0.0,0.0
amm,liquidity,position_limit,0.0,0.9,0.01129877755321141,0.0583893950380636,0.0951901542221206,0.256477250903709,6.3,0.0,0.0
amm,liquidity,position_limit,0.25,0.0,0.011692840463724359,0.06848029923419134,0.05602928316356365,0.2574621013233231,3.6,0.44892130561144644,0.5866666666666667
amm,liquidity,position_limit,0.25,0.5,0.01345123729712649,0.0691240958997437,-0.013887162515106818,0.25746232795715784,0.9,0.44691285187493524,1.0
amm,liquidity,position_limit,0.25,0.9,0.016640539750568378,0.07018238177560633,-0.07706598989333394,0.25744014348652355,1.6,0.49723050895481125,1.0
amm,liquidity,position_limit,0.5,0.0,0.01355843093578302,0.06719145606075225,0.03720267782116336,0.2548452770132785,3.0,0.38431969781723474,0.5573333333333333
amm,liquidity,position_limit,0.5,0.5,0.01910968830756966,0.0693223242151289,-0.08459908234780834,0.2548537914601135,3.5,0.3795733431364791,1.0
amm,liquidity,position_limit,0.5,0.9,0.027168780426609952,0.07196748961868624,-0.14631941685920422,0.2548244201063143,2.2,0.4554725467926592,1.0
amm,liquidity,position_limit,0.75,0.0,0.01477794394331429,0.06152862750173366,-0.029618873682657237,0.2556715471678051,2.6,0.3574115887005388,0.6391111111111111
amm,liquidity,position_limit,0.75,0.5,0.025655058459250868,0.06551266228516832,-0.15546512873555612,0.2557436318179733,4.0,0.3542906368361175,1.0
amm,liquidity,position_limit,0.75,0.9,0.03967723193303851,0.07239338665450881,-0.18984311070930318,0.2556489408256331,4.9,0.48546659181307705,1.0
amm,volatility,all,0.0,0.0,0.014976850660615909,0.06944337224393347,0.1250756066698845,0.00237943011165997,7.8,0.0,0.0
amm,volatility,all,0.0,0.5,0.014976850660615909,0.06944337224393347,0.1250756066698845,0.00237943011165997,7.8,0.0,0.0
amm,volatility,all,0.0,0.9,0.014976850660615909,0.06944337224393347,0.1250756066698845,0.00237943011165997,7.8,0.0,0.0
amm,volatility,all,0.25,0.0,0.01612125833213198,0.0720678792093141,0.08226012693242976,0.0009074562922685777,5.1,0.5792841298648921,0.7824019284117918
amm,volatility,all,0.25,0.5,0.01624453689552037,0.07228175738612407,0.07742340150185693,0.0009320445118043512,2.5,0.5925615260767063,1.0
amm,volatility,all,0.25,0.9,0.01650730518673647,0.07253636958665816,0.07205027369098374,0.0009330064676729881,1.9,0.5811627586089566,1.0
amm,volatility,all,0.5,0.0,0.01588671027634693,0.06321644976214902,0.09099475958761195,-0.00224329515673028,2.0,0.4831248805542284,0.6791387196442447
amm,volatility,all,0.5,0.5,0.01640388678001632,0.06354363859801822,0.0721027983871867,-0.00226993762778821,2.8,0.4646512740706667,1.0
amm,volatility,all,0.5,0.9,0.017392481133238873,0.06417307206568254,0.04199134952246546,-0.00227504157916111,1.7,0.5082161748555662,1.0
amm,volatility,all,0.75,0.0,0.01648616397763794,0.07827960334869355,0.11038576761391898,0.00437680259596191,2.6,0.4253546019156974,0.6937135495546547
amm,volatility,all,0.75,0.5,0.0175155507172867,0.07905731424465147,0.08201347255393013,0.00439129236041065,2.8,0.4506098036321646,1.0
amm,volatility,all,0.75,0.9,0.0196084128525232,0.08037032746815208,0.022928817703510098,0.004323080030538299,3.0,0.5258131995245584,1.0
amm,volatility,circuit_breaker,0.0,0.0,0.014976850660615909,0.06944337224393347,0.1250756066698845,0.00237943011165997,7.8,0.0,0.0
amm,volatility,circuit_breaker,0.0,0.5,0.014976850660615909,0.06944337224393347,0.1250756066698845,0.00237943011165997,7.8,0.0,0.0
amm,volatility,circuit_breaker,0.0,0.9,0.014976850660615909,0.06944337224393347,0.1250756066698845,0.00237943011165997,7.8,0.0,0.0
amm,volatility,circuit_breaker,0.25,0.0,0.015706026226515672,0.06844879058089137,0.10182794802183237,0.0034316240157823397,4.4,0.4855838409452146,0.6719999999999999
amm,volatility,circuit_breaker,0.25,0.5,0.01614503071014649,0.06887479395715859,0.09442996605964955,0.00343350726986904,1.5,0.4830873104023789,1.0
amm,volatility,circuit_breaker,0.25,0.9,0.01717775960103109,0.06954058757515139,0.05977725320021145,0.00343531379007577,1.9,0.4689034001285187,1.0
amm,volatility,circuit_breaker,0.5,0.0,0.01633105659421455,0.0746875207115216,0.06695826082459756,0.0005106787025831799,1.7,0.39284935442082025,0.6866666666666666
amm,volatility,circuit_breaker,0.5,0.5,0.01814800692668329,0.07581335584104851,0.010354938368211561,0.0005003913718981199,1.7,0.37970392765813593,1.0
amm,volatility,circuit_breaker,0.5,0.9,0.021693244653910048,0.0772936061739943,-0.053734072803422094,0.00046583403361301015,2.7,0.388813110849627,1.0
amm,volatility,circuit_breaker,0.75,0.0,0.01714458610155547,0.0679706183384728,0.09627822940082228,0.0010907163929268502,1.5,0.33547417226175746,0.703111111111111
amm,volatility,circuit_breaker,0.75,0.5,0.02103883662739467,0.07013471447154525,-0.00269640334364259,0.0010639329678395401,2.1,0.3481307138661317,1.0
amm,volatility,circuit_breaker,0.75,0.9,0.02757648922085123,0.07264110718968933,-0.08730662856638526,0.0010183260527427801,3.8,0.3452713250753158,1.0
amm,volatility,execution_delay,0.0,0.0,0.014976850660615909,0.06944337224393347,0.1250756066698845,0.00237943011165997,7.8,0.0,0.0
amm,volatility,execution_delay,0.0,0.5,0.014976850660615909,0.06944337224393347,0.1250756066698845,0.00237943011165997,7.8,0.0,0.0
amm,volatility,execution_delay,0.0,0.9,0.014976850660615909,0.06944337224393347,0.1250756066698845,0.00237943011165997,7.8,0.0,0.0
amm,volatility,execution_delay,0.25,0.0,0.01613208907197036,0.07203605616887399,0.08284323396197205,0.0009174615753767835,5.1,0.5702210042717039,0.7824019284117918
amm,volatility,execution_delay,0.25,0.5,0.016244095346873717,0.07226175257434359,0.07775308108381143,0.0009324998947206698,2.5,0.5954747729051134,1.0
amm,volatility,execution_delay,0.25,0.9,0.01651503889787733,0.07253769799721091,0.07201936370787305,0.0009329840010873011,1.9,0.5664252844698597,1.0
amm,volatility,execution_delay,0.5,0.0,0.01588966438133563,0.06324545097740276,0.08996728269024444,-0.00222486751703704,2.0,0.46432543712901897,0.6794394715239439
amm,volatility,execution_delay,0.5,0.5,0.01639935615952105,0.06354251768910948,0.07211343623296909,-0.00226344654755941,2.8,0.4812353626264299,1.0
amm,volatility,execution_delay,0.5,0.9,0.01740541033971755,0.06422302084718881,0.04051619710414617,-0.00225741078458313,1.4,0.45742358743566125,1.0
amm,volatility,execution_delay,0.75,0.0,0.01647924535774568,0.07840060201271373,0.11077148862830821,0.00440571863778962,2.2,0.4470290938277735,0.6937135495546547
amm,volatility,execution_delay,0.75,0.5,0.01750738563040089,0.07924558757586193,0.08192961661733877,0.00439787661407349,2.6,0.4059455736250829,1.0
amm,volatility,execution_delay,0.75,0.9,0.01961932698644633,0.08053702602421657,0.02216554615056566,0.00435629297358665,3.0,0.41811657235312005,1.0
amm,volatility,liquidity_buffer,0.0,0.0,0.014976850660615909,0.06944337224393347,0.1250756066698845,0.00237943011165997,7.8,0.0,0.0
amm,volatility,liquidity_buffer,0.0,0.5,0.014976850660615909,0.06944337224393347,0.1250756066698845,0.00237943011165997,7.8,0.0,0.0
amm,volatility,liquidity_buffer,0.0,0.9,0.014976850660615909,0.06944337224393347,0.1250756066698845,0.00237943011165997,7.8,0.0,0.0
amm,volatility,liquidity_buffer,0.25,0.0,0.015706026226515672,0.06844879058089137,0.10182794802183237,0.0034316240157823397,4.4,0.4855838409452146,0.6719999999999999
amm,volatility,liquidity_buffer,0.25,0.5,0.01614503071014649,0.06887479395715859,0.09442996605964955,0.00343350726986904,1.5,0.4830873104023789,1.0
amm,volatility,liquidity_buffer,0.25,0.9,0.01717775960103109,0.06954058757515139,0.05977725320021145,0.00343531379007577,1.9,0.4689034001285187,1.0
amm,volatility,liquidity_buffer,0.5,0.0,0.01633105659421455,0.0746875207115216,0.06695826082459756,0.0005106787025831799,1.7,0.39284935442082025,0.6866666666666666
amm,volatility,liquidity_buffer,0.5,0.5,0.01814800692668329,0.07581335584104851,0.010354938368211561,0.0005003913718981199,1.7,0.37970392765813593,1.0
amm,volatility,liquidity_buffer,0.5,0.9,0.021693244653910048,0.0772936061739943,-0.053734072803422094,0.00046583403361301015,2.7,0.388813110849627,1.0
amm,volatility,liquidity_buffer,0.75,0.0,0.01714458610155547,0.0679706183384728,0.09627822940082228,0.0010907163929268502,1.5,0.33547417226175746,0.703111111111111
amm,volatility,liquidity_buffer,0.75,0.5,0.02103883662739467,0.07013471447154525,-0.00269640334364259,0.0010639329678395401,2.1,0.3481307138661317,1.0
amm,volatility,liquidity_buffer,0.75,0.9,0.02757648922085123,0.07264110718968933,-0.08730662856638526,0.0010183260527427801,3.8,0.3452713250753158,1.0
amm,volatility,none,0.0,0.0,0.014976850660615909,0.06944337224393347,0.1250756066698845,0.00237943011165997,7.8,0.0,0.0
amm,volatility,none,0.0,0.5,0.014976850660615909,0.06944337224393347,0.1250756066698845,0.00237943011165997,7.8,0.0,0.0
amm,volatility,none,0.0,0.9,0.014976850660615909,0.06944337224393347,0.1250756066698845,0.00237943011165997,7.8,0.0,0.0
amm,volatility,none,0.25,0.0,0.015706026226515672,0.06844879058089137,0.10182794802183237,0.0034316240157823397,4.4,0.4855838409452146,0.6719999999999999
amm,volatility,none,0.25,0.5,0.01614503071014649,0.06887479395715859,0.09442996605964955,0.00343350726986904,1.5,0.4830873104023789,1.0
amm,volatility,none,0.25,0.9,0.01717775960103109,0.06954058757515139,0.05977725320021145,0.00343531379007577,1.9,0.4689034001285187,1.0
amm,volatility,none,0.5,0.0,0.01633105659421455,0.0746875207115216,0.06695826082459756,0.0005106787025831799,1.7,0.39284935442082025,0.6866666666666666
amm,volatility,none,0.5,0.5,0.01814800692668329,0.07581335584104851,0.010354938368211561,0.0005003913718981199,1.7,0.37970392765813593,1.0
amm,volatility,none,0.5,0.9,0.021693244653910048,0.0772936061739943,-0.053734072803422094,0.00046583403361301015,2.7,0.388813110849627,1.0
amm,volatility,none,0.75,0.0,0.01714458610155547,0.0679706183384728,0.09627822940082228,0.0010907163929268502,1.5,0.33547417226175746,0.703111111111111
amm,volatility,none,0.75,0.5,0.02103883662739467,0.07013471447154525,-0.00269640334364259,0.0010639329678395401,2.1,0.3481307138661317,1.0
amm,volatility,none,0.75,0.9,0.02757648922085123,0.07264110718968933,-0.08730662856638526,0.0010183260527427801,3.8,0.3452713250753158,1.0
amm,volatility,position_limit,0.0,0.0,0.014976850660615909,0.06944337224393347,0.1250756066698845,0.00237943011165997,7.8,0.0,0.0
amm,volatility,position_limit,0.0,0.5,0.014976850660615909,0.06944337224393347,0.1250756066698845,0.00237943011165997,7.8,0.0,0.0
amm,volatility,position_limit,0.0,0.9,0.014976850660615909,0.06944337224393347,0.1250756066698845,0.00237943011165997,7.8,0.0,0.0
amm,volatility,position_limit,0.25,0.0,0.0157115976992378,0.06840387346860191,0.10217706343046218,0.0034171879410678702,4.4,0.4671528211599599,0.6719999999999999
amm,volatility,position_limit,0.25,0.5,0.01614662165548212,0.06884013789897733,0.09458045917713928,0.00343058557521618,3.1,0.4720152654790895,1.0
amm,volatility,position_limit,0.25,0.9,0.01716749493793861,0.06956750868694232,0.060234395398758356,0.00341923552269176,1.3,0.4822352883958857,1.0
amm,volatility,position_limit,0.5,0.0,0.01633058425874078,0.0745434679191849,0.06661727505164489,0.0004845424056601302,1.5,0.39013107777668254,0.6893333333333334
amm,volatility,position_limit,0.5,0.5,0.01814246639708318,0.07564189527574336,0.011539331347639872,0.00049738872005017,1.7,0.38842604510446466,1.0
amm,volatility,position_limit,0.5,0.9,0.0216792509817463,0.077165111669164,-0.05395375113866403,0.00043217532672550004,3.1,0.4456348846289192,1.0
amm,volatility,position_limit,0.75,0.0,0.01715638657134069,0.06770837790844633,0.09767782933982345,0.0010308369096938999,2.9,0.3802998501693369,0.7013333333333334
amm,volatility,position_limit,0.75,0.5,0.02103728892156417,0.06984584783350514,-0.0032147123549472077,0.00105777828172951,2.1,0.35885327494541597,1.0
amm,volatility,position_limit,0.75,0.9,0.02752599660090523,0.0722595072187491,-0.08627032325592061,0.00094297388426249,3.8,0.5026802215266197,1.0
traditional,fundamental,all,0.0,0.0,0.02794114876043966,0.10180094274756583,0.07020297465841638,0.00072966382560122,3.7,0.0,0.0
traditional,fundamental,all,0.0,0.5,0.02794114876043966,0.10180094274756583,0.07020297465841638,0.00072966382560122,3.7,0.0,0.0
traditional,fundamental,all,0.0,0.9,0.02794114876043966,0.10180094274756583,0.07020297465841638,0.00072966382560122,3.7,0.0,0.0
traditional,fundamental,all,0.25,0.0,0.03057665654185912,0.10752452013061933,0.07384743486000893,0.0012814446144719402,2.4,0.5982276199448875,0.8925645248337128
traditional,fundamental,all,0.25,0.5,0.030581960299146782,0.10749787613998363,0.07371263489989123,0.00113956329622926,2.4,0.5898150568602514,1.0
traditional,fundamental,all,0.25,0.9,0.03058832372353802,0.10748819288135876,0.07356753921342632,0.00102726508845471,2.3,0.6190113056411868,1.0
traditional,fundamental,all,0.5,0.0,0.02918093697535718,0.10272230449043211,0.06258459734793613,0.00033317856551986,0.7,0.4775833090416423,0.8182290532583574
traditional,fundamental,all,0.5,0.5,0.02919280593311746,0.1027613532458741,0.06213020431551536,9.985984428970002e-05,0.7,0.46401556529154764,1.0
traditional,fundamental,all,0.5,0.9,0.029210324186541892,0.10282558825087726,0.061614949185308576,-0.00011900054512040997,0.7,0.4855601611118967,1.0
traditional,fundamental,all,0.75,0.0,0.029125512720033553,0.09980939963780769,0.11885353778656797,0.00214622139470583,1.2,0.42911297694975714,0.830822195025636
traditional,fundamental,all,0.75,0.5,0.02913139673104797,0.09978955085685695,0.11823477483586908,0.00166144960664487,1.2,0.43950725445999134,1.0
traditional,fundamental,all,0.75,0.9,0.02915470658768604,0.09981985626558586,0.11731535971709443,0.0013148822488782698,1.2,0.49394885342222283,1.0
traditional,fundamental,circuit_breaker,0.0,0.0,0.02794114876043966,0.10180094274756583,0.07020297465841638,0.00072966382560122,3.7,0.0,0.0
traditional,fundamental,circuit_breaker,0.0,0.5,0.02794114876043966,0.10180094274756583,0.07020297465841638,0.00072966382560122,3.7,0.0,0.0
traditional,fundamental,circuit_breaker,0.0,0.9,0.02794114876043966,0.10180094274756583,0.07020297465841638,0.00072966382560122,3.7,0.0,0.0
traditional,fundamental,circuit_breaker,0.25,0.0,0.028379750261835153,0.10495660316894881,0.09256764104952638,0.000981747553985364,1.7,0.4804559547006006,0.7653333333333333
traditional,fundamental,circuit_breaker,0.25,0.5,0.028393919802437117,0.10497778747626123,0.09232634357128805,0.0008341785681738299,1.9,0.4628906773977196,1.0
traditional,fundamental,circuit_breaker,0.25,0.9,0.028414183513983747,0.10499575550274139,0.09192553121510517,0.0006467319459959994,1.9,0.4745837101459496,1.0
traditional,fundamental,circuit_breaker,0.5,0.0,0.029462899414006028,0.09911774118638489,0.0779926591444084,0.00119555766249555,4.9,0.38660354847975514,0.7733333333333333
traditional,fundamental,circuit_breaker,0.5,0.5,0.02946961048335591,0.09912901953768957,0.07790535659603513,0.0007742251428785901,4.8,0.3892024716036839,1.0
traditional,fundamental,circuit_breaker,0.5,0.9,0.029509385057589897,0.0991712489908607,0.07710581316599234,0.00037196300358380996,4.9,0.39083463606626434,1.0
traditional,fundamental,circuit_breaker,0.75,0.0,0.0293732045273154,0.11280756960514368,0.06169340933908459,0.00020981147661718996,3.0,0.35033026532646216,0.7511111111111111
traditional,fundamental,circuit_breaker,0.75,0.5,0.029412874639098592,0.11282067646708463,0.061727979787989905,-0.00039456347845365995,3.6,0.33859407048256623,1.0
traditional,fundamental,circuit_breaker,0.75,0.9,0.029519956555120054,0.11285142100874454,0.06019024451426728,-0.00077580149770781,3.6,0.349852227326181,1.0
traditional,fundamental,execution_delay,0.0,0.0,0.02794114876043966,0.10180094274756583,0.07020297465841638,0.00072966382560122,3.7,0.0,0.0
traditional,fundamental,execution_delay,0.0,0.5,0.02794114876043966,0.10180094274756583,0.07020297465841638,0.00072966382560122,3.7,0.0,0.0
traditional,fundamental,execution_delay,0.0,0.9,0.02794114876043966,0.10180094274756583,0.07020297465841638,0.00072966382560122,3.7,0.0,0.0
traditional,fundamental,execution_delay,0.25,0.0,0.030576571530513443,0.1075209689905396,0.07384433269711217,0.00128483186022573,2.4,0.568152321789961,0.8925645248337128
traditional,fundamental,execution_delay,0.25,0.5,0.03058190159689081,0.10750103447326606,0.07371087700243137,0.00113900650015934,2.4,0.5706710554804928,1.0
traditional,fundamental,execution_delay,0.25,0.9,0.03058811641944268,0.10748657271005206,0.07356654286474887,0.00102840213976871,2.3,0.5348504751318051,1.0
traditional,fundamental,execution_delay,0.5,0.0,0.029180828916007255,0.10269067846330482,0.06257320801403847,0.00033062026181443,0.7,0.4910028317751853,0.8182290532583574
traditional,fundamental,execution_delay,0.5,0.5,0.02919270641945748,0.10274531691233128,0.0621292350073442,9.950540647083003e-05,0.7,0.48456122306083493,1.0
traditional,fundamental,execution_delay,0.5,0.9,0.02921061507630518,0.10279847371145671,0.06160090382961395,-0.00012009555720705,0.7,0.45226325319465205,1.0
traditional,fundamental,execution_delay,0.75,0.0,0.02912529639370366,0.09986132296994964,0.11884587109741711,0.00214772452061718,1.2,0.4255636211502421,0.829217551802693
traditional,fundamental,execution_delay,0.75,0.5,0.029131224752284156,0.09986320316630712,0.11823561632656376,0.00166170361591752,1.2,0.4077820432884539,1.0
traditional,fundamental,execution_delay,0.75,0.9,0.029154124276974492,0.09987958069725843,0.11731398230726739,0.0013205497184228501,1.2,0.39098780823118373,1.0
traditional,fundamental,liquidity_buffer,0.0,0.0,0.02794114876043966,0.10180094274756583,0.07020297465841638,0.00072966382560122,3.7,0.0,0.0
traditional,fundamental,liquidity_buffer,0.0,0.5,0.02794114876043966,0.10180094274756583,0.07020297465841638,0.00072966382560122,3.7,0.0,0.0
traditional,fundamental,liquidity_buffer,0.0,0.9,0.02794114876043966,0.10180094274756583,0.07020297465841638,0.00072966382560122,3.7,0.0,0.0
traditional,fundamental,liquidity_buffer,0.25,0.0,0.028379750261835153,0.10495660316894881,0.09256764104952638,0.000981747553985364,1.7,0.4804559547006006,0.7653333333333333
traditional,fundamental,liquidity_buffer,0.25,0.5,0.028393919802437117,0.10497778747626123,0.09232634357128805,0.0008341785681738299,1.9,0.4628906773977196,1.0
traditional,fundamental,liquidity_buffer,0.25,0.9,0.028414183513983747,0.10499575550274139,0.09192553121510517,0.0006467319459959994,1.9,0.4745837101459496,1.0
traditional,fundamental,liquidity_buffer,0.5,0.0,0.029462899414006028,0.09911774118638489,0.0779926591444084,0.00119555766249555,4.9,0.38660354847975514,0.7733333333333333
traditional,fundamental,liquidity_buffer,0.5,0.5,0.02946961048335591,0.09912901953768957,0.07790535659603513,0.0007742251428785901,4.8,0.3892024716036839,1.0
traditional,fundamental,liquidity_buffer,0.5,0.9,0.029509385057589897,0.0991712489908607,0.07710581316599234,0.00037196300358380996,4.9,0.39083463606626434,1.0
traditional,fundamental,liquidity_buffer,0.75,0.0,0.029373193645989698,0.112841140883663,0.06169324222479895,0.00020404085418616996,3.0,0.3524849901447384,0.7511111111111111
traditional,fundamental,liquidity_buffer,0.75,0.5,0.0294128641029577,0.11283923854448052,0.06172791622410264,-0.00040424633510599003,3.6,0.33890399424132156,1.0
traditional,fundamental,liquidity_buffer,0.75,0.9,0.02951994829648951,0.11285735383958104,0.06019025636037478,-0.00080062700434997,3.6,0.3477016896917724,1.0
traditional,fundamental,none,0.0,0.0,0.02794114876043966,0.10180094274756583,0.07020297465841638,0.00072966382560122,3.7,0.0,0.0
traditional,fundamental,none,0.0,0.5,0.02794114876043966,0.10180094274756583,0.07020297465841638,0.00072966382560122,3.7,0.0,0.0
traditional,fundamental,none,0.0,0.9,0.02794114876043966,0.10180094274756583,0.07020297465841638,0.00072966382560122,3.7,0.0,0.0
traditional,fundamental,none,0.25,0.0,0.028379750261835153,0.10495660316894881,0.09256764104952638,0.000981747553985364,1.7,0.4804559547006006,0.7653333333333333
traditional,fundamental,none,0.25,0.5,0.028393919802437117,0.10497778747626123,0.09232634357128805,0.0008341785681738299,1.9,0.4628906773977196,1.0
traditional,fundamental,none,0.25,0.9,0.028414183513983747,0.10499575550274139,0.09192553121510517,0.0006467319459959994,1.9,0.4745837101459496,1.0
traditional,fundamental,none,0.5,0.0,0.029462899414006028,0.09911774118638489,0.0779926591444084,0.00119555766249555,4.9,0.38660354847975514,0.7733333333333333
traditional,fundamental,none,0.5,0.5,0.02946961048335591,0.09912901953768957,0.07790535659603513,0.0007742251428785901,4.8,0.3892024716036839,1.0
traditional,fundamental,none,0.5,0.9,0.029509385057589897,0.0991712489908607,0.07710581316599234,0.00037196300358380996,4.9,0.39083463606626434,1.0
traditional,fundamental,none,0.75,0.0,0.029373193645989698,0.112841140883663,0.06169324222479895,0.00020404085418616996,3.0,0.3524849901447384,0.7511111111111111
traditional,fundamental,none,0.75,0.5,0.0294128641029577,0.11283923854448052,0.06172791622410264,-0.00040424633510599003,3.6,0.33890399424132156,1.0
traditional,fundamental,none,0.75,0.9,0.02951994829648951,0.11285735383958104,0.06019025636037478,-0.00080062700434997,3.6,0.3477016896917724,1.0
traditional,fundamental,position_limit,0.0,0.0,0.02794114876043966,0.10180094274756583,0.07020297465841638,0.00072966382560122,3.7,0.0,0.0
traditional,fundamental,position_limit,0.0,0.5,0.02794114876043966,0.10180094274756583,0.07020297465841638,0.00072966382560122,3.7,0.0,0.0
traditional,fundamental,position_limit,0.0,0.9,0.02794114876043966,0.10180094274756583,0.07020297465841638,0.00072966382560122,3.7,0.0,0.0
traditional,fundamental,position_limit,0.25,0.0,0.028380061309215283,0.10495205835821735,0.09257393510290554,0.0009854652784224796,1.7,0.4723696926716413,0.7653333333333333
traditional,fundamental,position_limit,0.25,0.5,0.028394123645686532,0.10495650136285026,0.09232313570347091,0.0008343761337514801,1.9,0.46892434348524964,1.0
traditional,fundamental,position_limit,0.25,0.9,0.028414537701366087,0.10498266351031309,0.09193224791918782,0.0006466820807919233,1.9,0.49388259434429604,1.0
traditional,fundamental,position_limit,0.5,0.0,0.02946301821306107,0.09914927092677302,0.07798963625332979,0.00119477844150043,4.9,0.37964111332816713,0.7733333333333333
traditional,fundamental,position_limit,0.5,0.5,0.029469638418076684,0.09912866201416541,0.07790163035052072,0.0007735587554656999,4.8,0.38711808700269207,1.0
traditional,fundamental,position_limit,0.5,0.9,0.02950802085014414,0.09920419666185536,0.07709470796024534,0.00036645810882181,4.9,0.44115558226723756,1.0
traditional,fundamental,position_limit,0.75,0.0,0.02937344381381145,0.11277608009562097,0.061711606033982305,0.00021102983556266992,3.0,0.34408903399742086,0.7511111111111111
traditional,fundamental,position_limit,0.75,0.5,0.029413167675538747,0.11272355519674179,0.06172800960197585,-0.0004039070169749799,3.6,0.34611460332047,1.0
traditional,fundamental,position_limit,0.75,0.9,0.02952086193337817,0.1127754010492856,0.06020653461559307,-0.0008029032209242099,3.6,0.45384333771322005,1.0
traditional,liquidity,all,0.0,0.0,0.02323448539758233,0.06222875784828132,0.12165547462003348,0.4454412636826121,3.7,0.0,0.0
traditional,liquidity,all,0.0,0.5,0.02323448539758233,0.06222875784828132,0.12165547462003348,0.4454412636826121,3.7,0.0,0.0
traditional,liquidity,all,0.0,0.9,0.02323448539758233,0.06222875784828132,0.12165547462003348,0.4454412636826121,3.7,0.0,0.0
traditional,liquidity,all,0.25,0.0,0.025963384634349627,0.06845162606516444,0.11184132640119766,0.4444164289340785,2.4,0.581564096991042,0.7848243999060696
traditional,liquidity,all,0.25,0.5,0.025970976341203572,0.0684203855613775,0.11173002943001895,0.4439063970003742,2.4,0.5836375057083167,1.0
traditional,liquidity,all,0.25,0.9,0.02598205802960989,0.06840900614652123,0.11152254233732502,0.4430962764529999,2.4,0.617529691522432,1.0
traditional,liquidity,all,0.5,0.0,0.02475740163998727,0.06502930286008855,0.0973204741789061,0.44416494363186015,0.7,0.46578817156362523,0.6889984425010519
traditional,liquidity,all,0.5,0.5,0.02477788998766366,0.06506718026599208,0.09665863189690145,0.4428464844700966,0.7,0.47193812812075625,1.0
traditional,liquidity,all,0.5,0.9,0.02481366467770963,0.06513707066239159,0.09567006380604957,0.44108537750612237,0.7,0.49332571698672406,1.0
traditional,liquidity,all,0.75,0.0,0.02458856647364572,0.0618047915646099,0.17323224856094305,0.44394847343225463,1.2,0.4261876340200086,0.662052532147076
traditional,liquidity,all,0.75,0.5,0.02460954335817702,0.06180396778747101,0.17173892316852216,0.4418647614142904,1.2,0.43152117883205054,1.0
traditional,liquidity,all,0.75,0.9,0.02467198522505097,0.06185610108837118,0.16920635556719246,0.43919011937412666,1.2,0.518253915041388,1.0
traditional,liquidity,circuit_breaker,0.0,0.0,0.02344226861394792,0.06227014931587764,0.11902812827234983,0.961428817781243,2.4,0.0,0.0
traditional,liquidity,circuit_breaker,0.0,0.5,0.02344226861394792,0.06227014931587764,0.11902812827234983,0.961428817781243,2.4,0.0,0.0
traditional,liquidity,circuit_breaker,0.0,0.9,0.02344226861394792,0.06227014931587764,0.11902812827234983,0.961428817781243,2.4,0.0,0.0
traditional,liquidity,circuit_breaker,0.25,0.0,0.025665094996483413,0.06883739641154765,0.1021014257698157,0.9614800923093118,2.6,0.4690872053843809,0.768
traditional,liquidity,circuit_breaker,0.25,0.5,0.027161008922345582,0.06897841299572191,0.06698750810362716,0.9614837244414824,2.4,0.4737698383314822,1.0
traditional,liquidity,circuit_breaker,0.25,0.9,0.03052465393508194,0.06995655663823139,0.00930899011396107,0.961516838355766,2.2,0.4773707228355115,1.0
traditional,liquidity,circuit_breaker,0.5,0.0,0.0506705835078796,0.10255609584439832,0.020953411770347853,0.9619217307868752,3.9,0.49863888971295145,0.9946666666666667
traditional,liquidity,circuit_breaker,0.5,0.5,0.05874956771480587,0.11401680444438216,-0.017697628106260566,0.961989319825306,6.8,0.6269890354636148,1.0
traditional,liquidity,circuit_breaker,0.5,0.9,0.07458016704988779,0.146023134859168,0.027492376293158937,0.9621258595453289,5.4,0.8143952430865182,1.0
traditional,liquidity,circuit_breaker,0.75,0.0,0.10680018998284879,0.26347003527922574,0.41552275127374116,0.9627824608805389,4.4,1.0,1.0
traditional,liquidity,circuit_breaker,0.75,0.5,0.12104760866483055,0.31671006044793437,0.5321340540819401,0.9629699353254686,7.5,1.0,1.0
traditional,liquidity,circuit_breaker,0.75,0.9,0.13112653037418903,0.35503487206082257,0.6024143477466665,0.9631242741168009,7.5,1.0,1.0
traditional,liquidity,execution_delay,0.0,0.0,0.02344226861394792,0.06227014931587764,0.11902812827234983,0.961428817781243,2.4,0.0,0.0
traditional,liquidity,execution_delay,0.0,0.5,0.02344226861394792,0.06227014931587764,0.11902812827234983,0.961428817781243,2.4,0.0,0.0
traditional,liquidity,execution_delay,0.0,0.9,0.02344226861394792,0.06227014931587764,0.11902812827234983,0.961428817781243,2.4,0.0,0.0
traditional,liquidity,execution_delay,0.25,0.0,0.02657510828963523,0.06968042614697446,0.0996001095852462,0.9614486953799284,2.4,0.6158062095263999,0.8400519718983475
traditional,liquidity,execution_delay,0.25,0.5,0.02701200086794999,0.06995807357122363,0.09235716971740363,0.9614512152456591,2.7,0.5775800207677911,1.0
traditional,liquidity,execution_delay,0.25,0.9,0.02792697028799974,0.07033331028803519,0.07499555881825257,0.961462144301624,3.5,0.5940952916458682,1.0
traditional,liquidity,execution_delay,0.5,0.0,0.02632297655404368,0.06829500276890096,0.07267594675722167,0.9614366671811096,1.6,0.48224132149151505,0.8143243127032409
traditional,liquidity,execution_delay,0.5,0.5,0.027880089132868147,0.06994401476246534,0.044142930920608565,0.9614536975302211,2.3,0.46546782465144787,1.0
traditional,liquidity,execution_delay,0.5,0.9,0.031227222637214253,0.07250767623867485,-0.00598859098462173,0.9614932553804636,2.2,0.48019059848902623,1.0
traditional,liquidity,execution_delay,0.75,0.0,0.031637232872396094,0.07682320657199135,0.059783900559472934,0.9616304126436171,3.0,0.437651487620027,0.9284264190203363
traditional,liquidity,execution_delay,0.75,0.5,0.03600767234889978,0.08219392297655018,0.009794887788059942,0.9616563763360432,2.5,0.4259550015804467,1.0
traditional,liquidity,execution_delay,0.75,0.9,0.044433548043816426,0.09395603657696869,-0.056767058782387525,0.9617446182050069,3.9,0.42593905523660364,1.0
traditional,liquidity,liquidity_buffer,0.0,0.0,0.02323448539758233,0.06222875784828132,0.12165547462003348,0.4454412636826121,3.7,0.0,0.0
traditional,liquidity,liquidity_buffer,0.0,0.5,0.02323448539758233,0.06222875784828132,0.12165547462003348,0.4454412636826121,3.7,0.0,0.0
traditional,liquidity,liquidity_buffer,0.0,0.9,0.02323448539758233,0.06222875784828132,0.12165547462003348,0.4454412636826121,3.7,0.0,0.0
traditional,liquidity,liquidity_buffer,0.25,0.0,0.02392279782584893,0.06699891259691927,0.13922745400228714,0.4443820592229595,1.9,0.45081252598968885,0.6453333333333333
traditional,liquidity,liquidity_buffer,0.25,0.5,0.023950165510357,0.06702632743529471,0.13855655748115567,0.44307823798298596,1.9,0.4539421408986627,1.0
traditional,liquidity,liquidity_buffer,0.25,0.9,0.023994274582803978,0.0670493952707026,0.13739322703508497,0.441265788385091,3.2,0.48438073654021274,1.0
traditional,liquidity,liquidity_buffer,0.5,0.0,0.025110288572607782,0.06022349587767876,0.12360462151040445,0.4433415518436714,4.4,0.37814370176719764,0.6759999999999999
traditional,liquidity,liquidity_buffer,0.5,0.5,0.02513341678255218,0.06026497257866553,0.12324468528080565,0.44032073536740224,4.6,0.3785032838345558,1.0
traditional,liquidity,liquidity_buffer,0.5,0.9,0.02523639782643723,0.06034641850861343,0.12081363108922723,0.43663110097269425,3.2,0.39766054756594177,1.0
traditional,liquidity,liquidity_buffer,0.75,0.0,0.02490595185047737,0.0740831663064552,0.11327458311850258,0.4416521011320381,2.8,0.3592024458770983,0.6284444444444445
traditional,liquidity,liquidity_buffer,0.75,0.5,0.024994448939664,0.07409211765227079,0.1129367070626273,0.43704178891902623,3.6,0.35191237484116755,1.0
traditional,liquidity,liquidity_buffer,0.75,0.9,0.0252493987093657,0.07412874636921986,0.10800825099785197,0.43158579312933465,2.6,0.35583297268666053,1.0
traditional,liquidity,none,0.0,0.0,0.02344226861394792,0.06227014931587764,0.11902812827234983,0.961428817781243,2.4,0.0,0.0
traditional,liquidity,none,0.0,0.5,0.02344226861394792,0.06227014931587764,0.11902812827234983,0.961428817781243,2.4,0.0,0.0
traditional,liquidity,none,0.0,0.9,0.02344226861394792,0.06227014931587764,0.11902812827234983,0.961428817781243,2.4,0.0,0.0
traditional,liquidity,none,0.25,0.0,0.025665094996483413,0.06883739641154765,0.1021014257698157,0.9614800923093118,2.6,0.4690872053843809,0.768
traditional,liquidity,none,0.25,0.5,0.027161008922345582,0.06897841299572191,0.06698750810362716,0.9614837244414824,2.4,0.4737698383314822,1.0
traditional,liquidity,none,0.25,0.9,0.03052465393508194,0.06995655663823139,0.00930899011396107,0.961516838355766,2.2,0.4773707228355115,1.0
traditional,liquidity,none,0.5,0.0,0.05088630687065769,0.10821457484918491,0.00870142070602794,0.9619426245974247,2.9,0.49863888971295145,0.9946666666666667
traditional,liquidity,none,0.5,0.5,0.05997726236876553,0.12266912080393144,-0.023741786012129805,0.9620221883036552,3.2,0.6269890354636148,1.0
traditional,liquidity,none,0.5,0.9,0.07635524007208476,0.16544379990966668,0.03042492909247444,0.9621918159964761,6.4,0.8143952430865182,1.0
traditional,liquidity,none,0.75,0.0,0.20124185183754723,0.5445591119259215,0.6314626644362662,0.9638035532937433,9.6,1.0,1.0
traditional,liquidity,none,0.75,0.5,0.20665596467180675,0.5668106480594732,0.6234524774508801,0.9639033252702575,6.9,1.0,1.0
traditional,liquidity,none,0.75,0.9,0.20562033950816277,0.5881669600869919,0.6238264164378547,0.9639084048851208,4.8,1.0,1.0
traditional,liquidity,position_limit,0.0,0.0,0.02344226861394792,0.06227014931587764,0.11902812827234983,0.961428817781243,2.4,0.0,0.0
traditional,liquidity,position_limit,0.0,0.5,0.02344226861394792,0.06227014931587764,0.11902812827234983,0.961428817781243,2.4,0.0,0.0
traditional,liquidity,position_limit,0.0,0.9,0.02344226861394792,0.06227014931587764,0.11902812827234983,0.961428817781243,2.4,0.0,0.0
traditional,liquidity,position_limit,0.25,0.0,0.02564695344159294,0.0688578356949723,0.10258886308213429,0.9614797799199424,2.6,0.49537118708545363,0.7706666666666667
traditional,liquidity,position_limit,0.25,0.5,0.027152216065383438,0.06897347559581182,0.06710984304760778,0.9614836055175789,2.4,0.4270313435179343,1.0
traditional,liquidity,position_limit,0.25,0.9,0.030452595516559176,0.0698996056644329,0.01013590828304866,0.9615159008995302,2.2,0.5472347039967882,1.0
traditional,liquidity,position_limit,0.5,0.0,0.04617744980285673,0.0971563983411941,-0.0219564804188537,0.961894097765318,4.3,0.4825806149185932,0.9946666666666667
traditional,liquidity,position_limit,0.5,0.5,0.05551595247771855,0.1122958666370826,-0.052140235187977335,0.9619807249242693,4.0,0.6536854882781615,1.0
traditional,liquidity,position_limit,0.5,0.9,0.06710975565427403,0.1335399390110463,-0.06334450243798098,0.9620949245998925,3.7,0.8495167400923525,1.0
traditional,liquidity,position_limit,0.75,0.0,0.11412488021762975,0.33494256857823557,0.21537558878559113,0.9629190444331186,5.6,1.0,1.0
traditional,liquidity,position_limit,0.75,0.5,0.1256924927632322,0.379705711759316,0.24032442070074053,0.9630074820537899,6.1,1.0,1.0
traditional,liquidity,position_limit,0.75,0.9,0.1322083309810378,0.41294049018388035,0.2661696191441332,0.9630371766458461,4.7,1.0,1.0
traditional,volatility,all,0.0,0.0,0.034062617322915725,0.06990488881880222,0.14679256180688233,0.00320396948369999,2.4,0.0,0.0
traditional,volatility,all,0.0,0.5,0.034062617322915725,0.06990488881880222,0.14679256180688233,0.00320396948369999,2.4,0.0,0.0
traditional,volatility,all,0.0,0.9,0.034062617322915725,0.06990488881880222,0.14679256180688233,0.00320396948369999,2.4,0.0,0.0
traditional,volatility,all,0.25,0.0,0.03434215502054076,0.07623099618436714,0.12172403731544201,0.00370441190878633,1.5,0.5871117386789135,0.8812517672386093
traditional,volatility,all,0.25,0.5,0.034342906733879144,0.07622612588401753,0.12170711886972332,0.00350351201845472,1.5,0.571879717055863,1.0
traditional,volatility,all,0.25,0.9,0.03434471219052363,0.07623091342036857,0.12166673441569009,0.00331510547142342,1.5,0.6322257770914173,1.0
traditional,volatility,all,0.5,0.0,0.03389797165873826,0.06730700566504443,0.11508500332215219,0.0033401237074019902,1.8,0.45086924427481706,0.8083120934028475
traditional,volatility,all,0.5,0.5,0.03388903490418924,0.06731848775752623,0.1153755931003825,0.00293172978030808,1.8,0.47585346567497916,1.0
traditional,volatility,all,0.5,0.9,0.03388774931483979,0.0673574037617394,0.1155044316354615,0.0026629253029102724,1.8,0.5184950514125367,1.0
traditional,volatility,all,0.75,0.0,0.034062499549856115,0.07011013520430215,0.12808108729659923,0.00472152968936497,2.6,0.41264310967499185,0.8313759394040593
traditional,volatility,all,0.75,0.5,0.03404211830947965,0.0700501160331137,0.1284106002610121,0.00418676229478505,2.4,0.4273120530445172,1.0
traditional,volatility,all,0.75,0.9,0.03404148702538326,0.07005244444712251,0.12840651804643038,0.0038772647053348297,2.4,0.46695062580009655,1.0
traditional,volatility,circuit_breaker,0.0,0.0,0.034062617322915725,0.06990488881880222,0.14679256180688233,0.00320396948369999,2.4,0.0,0.0
traditional,volatility,circuit_breaker,0.0,0.5,0.034062617322915725,0.06990488881880222,0.14679256180688233,0.00320396948369999,2.4,0.0,0.0
traditional,volatility,circuit_breaker,0.0,0.9,0.034062617322915725,0.06990488881880222,0.14679256180688233,0.00320396948369999,2.4,0.0,0.0
traditional,volatility,circuit_breaker,0.25,0.0,0.03488755034207065,0.07809370191994934,0.11053941839767956,0.00417461671672766,3.6,0.47025066562110746,0.7893333333333333
traditional,volatility,circuit_breaker,0.25,0.5,0.034894132442476314,0.07810668083376154,0.11036211413747037,0.00360164092755338,3.6,0.45728489162793623,1.0
traditional,volatility,circuit_breaker,0.25,0.9,0.03490599471451284,0.07812228836659899,0.11009334184066022,0.00321352506025971,3.6,0.46817800447044045,1.0
traditional,volatility,circuit_breaker,0.5,0.0,0.03529825428851109,0.07231221105919064,0.14509551139007004,0.0047839773767441,2.3,0.38362476145069435,0.7946666666666667
traditional,volatility,circuit_breaker,0.5,0.5,0.035311540499098036,0.07237408262263392,0.1447593702964171,0.003974160879990907,2.8,0.3909724017388164,1.0
traditional,volatility,circuit_breaker,0.5,0.9,0.03534874219849197,0.07244742976442747,0.14398197474793378,0.0033618677773935802,2.6,0.37374053729563383,1.0
traditional,volatility,circuit_breaker,0.75,0.0,0.03562611829735037,0.07914621789464457,0.1080033544044539,0.00447791636565947,2.2,0.3579041426159798,0.7857777777777778
traditional,volatility,circuit_breaker,0.75,0.5,0.03563976925696039,0.07922351592928487,0.10732115101352455,0.0032875906468462406,1.7,0.3460590197854817,1.0
traditional,volatility,circuit_breaker,0.75,0.9,0.03571031586649051,0.07933175460404716,0.10578849425234053,0.0026639418812491903,1.8,0.34573961698075145,1.0
traditional,volatility,execution_delay,0.0,0.0,0.034062617322915725,0.06990488881880222,0.14679256180688233,0.00320396948369999,2.4,0.0,0.0
traditional,volatility,execution_delay,0.0,0.5,0.034062617322915725,0.06990488881880222,0.14679256180688233,0.00320396948369999,2.4,0.0,0.0
traditional,volatility,execution_delay,0.0,0.9,0.034062617322915725,0.06990488881880222,0.14679256180688233,0.00320396948369999,2.4,0.0,0.0
traditional,volatility,execution_delay,0.25,0.0,0.0343425057010088,0.07623096623489953,0.12171964676691412,0.0037097504888088197,1.5,0.5850172439646124,0.8812517672386093
traditional,volatility,execution_delay,0.25,0.5,0.03434299116680676,0.076231898560945,0.12170357096977129,0.0035045134244523998,1.5,0.61588959673359,1.0
traditional,volatility,execution_delay,0.25,0.9,0.03434517452307276,0.07623280075370112,0.12165611939072822,0.00331956089945156,1.5,0.5753542718724507,1.0
traditional,volatility,execution_delay,0.5,0.0,0.033898215081486424,0.06727141075109723,0.11507874289706374,0.0033462419450128802,1.8,0.4884480903123972,0.8083120934028475
traditional,volatility,execution_delay,0.5,0.5,0.03388928306886117,0.06730020467843258,0.11537028097505915,0.00293558021895744,1.8,0.47146672928070055,1.0
traditional,volatility,execution_delay,0.5,0.9,0.03388853206504598,0.0673271478006948,0.11548393147576867,0.0026730239062411304,1.8,0.45373484963050104,1.0
traditional,volatility,execution_delay,0.75,0.0,0.03406224905013139,0.07012474343363467,0.12806898555403148,0.004724306054492281,2.6,0.41946910169785373,0.8313759394040593
traditional,volatility,execution_delay,0.75,0.5,0.034041818990776726,0.07008935232107467,0.12840957888573218,0.00418842988209977,2.4,0.4301032410779285,1.0
traditional,volatility,execution_delay,0.75,0.9,0.03404011298860852,0.07006973871805784,0.12839438233944553,0.00388531445444463,2.4,0.42149851299375973,1.0
traditional,volatility,liquidity_buffer,0.0,0.0,0.034062617322915725,0.06990488881880222,0.14679256180688233,0.00320396948369999,2.4,0.0,0.0
traditional,volatility,liquidity_buffer,0.0,0.5,0.034062617322915725,0.06990488881880222,0.14679256180688233,0.00320396948369999,2.4,0.0,0.0
traditional,volatility,liquidity_buffer,0.0,0.9,0.034062617322915725,0.06990488881880222,0.14679256180688233,0.00320396948369999,2.4,0.0,0.0
traditional,volatility,liquidity_buffer,0.25,0.0,0.03488755034207065,0.07809370191994934,0.11053941839767956,0.00417461671672766,3.6,0.47025066562110746,0.7893333333333333
traditional,volatility,liquidity_buffer,0.25,0.5,0.034894132442476314,0.07810668083376154,0.11036211413747037,0.00360164092755338,3.6,0.45728489162793623,1.0
traditional,volatility,liquidity_buffer,0.25,0.9,0.03490599471451284,0.07812228836659899,0.11009334184066022,0.00321352506025971,3.6,0.46817800447044045,1.0
traditional,volatility,liquidity_buffer,0.5,0.0,0.03529825428851109,0.07231221105919064,0.14509551139007004,0.0047839773767441,2.3,0.38362476145069435,0.7946666666666667
traditional,volatility,liquidity_buffer,0.5,0.5,0.035311540499098036,0.07237408262263392,0.1447593702964171,0.003974160879990907,2.8,0.3909724017388164,1.0
traditional,volatility,liquidity_buffer,0.5,0.9,0.03534874219849197,0.07244742976442747,0.14398197474793378,0.0033618677773935802,2.6,0.37374053729563383,1.0
traditional,volatility,liquidity_buffer,0.75,0.0,0.03562610477007454,0.07918563847449468,0.10800341238917055,0.00447202484661172,2.2,0.35390175312971933,0.7857777777777778
traditional,volatility,liquidity_buffer,0.75,0.5,0.03563975671292574,0.07924478506452509,0.1073212559702557,0.0032778512086357797,1.7,0.34417090789736976,1.0
traditional,volatility,liquidity_buffer,0.75,0.9,0.035710305910389116,0.07933775671395123,0.10578860071974065,0.0026391653498677903,1.8,0.34395541986945155,1.0
traditional,volatility,none,0.0,0.0,0.034062617322915725,0.06990488881880222,0.14679256180688233,0.00320396948369999,2.4,0.0,0.0
traditional,volatility,none,0.0,0.5,0.034062617322915725,0.06990488881880222,0.14679256180688233,0.00320396948369999,2.4,0.0,0.0
traditional,volatility,none,0.0,0.9,0.034062617322915725,0.06990488881880222,0.14679256180688233,0.00320396948369999,2.4,0.0,0.0
traditional,volatility,none,0.25,0.0,0.03488755034207065,0.07809370191994934,0.11053941839767956,0.00417461671672766,3.6,0.47025066562110746,0.7893333333333333
traditional,volatility,none,0.25,0.5,0.034894132442476314,0.07810668083376154,0.11036211413747037,0.00360164092755338,3.6,0.45728489162793623,1.0
traditional,volatility,none,0.25,0.9,0.03490599471451284,0.07812228836659899,0.11009334184066022,0.00321352506025971,3.6,0.46817800447044045,1.0
traditional,volatility,none,0.5,0.0,0.03529825428851109,0.07231221105919064,0.14509551139007004,0.0047839773767441,2.3,0.38362476145069435,0.7946666666666667
traditional,volatility,none,0.5,0.5,0.035311540499098036,0.07237408262263392,0.1447593702964171,0.003974160879990907,2.8,0.3909724017388164,1.0
traditional,volatility,none,0.5,0.9,0.03534874219849197,0.07244742976442747,0.14398197474793378,0.0033618677773935802,2.6,0.37374053729563383,1.0
traditional,volatility,none,0.75,0.0,0.03562610477007454,0.07918563847449468,0.10800341238917055,0.00447202484661172,2.2,0.35390175312971933,0.7857777777777778
traditional,volatility,none,0.75,0.5,0.03563975671292574,0.07924478506452509,0.1073212559702557,0.0032778512086357797,1.7,0.34417090789736976,1.0
traditional,volatility,none,0.75,0.9,0.035710305910389116,0.07933775671395123,0.10578860071974065,0.0026391653498677903,1.8,0.34395541986945155,1.0
traditional,volatility,position_limit,0.0,0.0,0.034062617322915725,0.06990488881880222,0.14679256180688233,0.00320396948369999,2.4,0.0,0.0
traditional,volatility,position_limit,0.0,0.5,0.034062617322915725,0.06990488881880222,0.14679256180688233,0.00320396948369999,2.4,0.0,0.0
traditional,volatility,position_limit,0.0,0.9,0.034062617322915725,0.06990488881880222,0.14679256180688233,0.00320396948369999,2.4,0.0,0.0
traditional,volatility,position_limit,0.25,0.0,0.03488747968709239,0.07807873892729858,0.1105484136580217,0.00417557414674604,3.6,0.48577847536906005,0.7893333333333333
traditional,volatility,position_limit,0.25,0.5,0.03489407543754,0.07807297625254653,0.1103641308270977,0.00360116760663443,3.6,0.4620715684952613,1.0
traditional,volatility,position_limit,0.25,0.9,0.03490527141525261,0.07809595628130851,0.11010451017242781,0.00321182754955035,3.6,0.49583462914969767,1.0
traditional,volatility,position_limit,0.5,0.0,0.035298454605816335,0.07237101291260639,0.145098111282517,0.00477682231210906,2.3,0.36209414315021976,0.7933333333333333
traditional,volatility,position_limit,0.5,0.5,0.03531116149113022,0.07240154403711033,0.1447676129589178,0.003971900383082658,2.8,0.39801149360684657,1.0
traditional,volatility,position_limit,0.5,0.9,0.0353462175327868,0.07249985247394417,0.14402920879887818,0.0033466299752596,2.6,0.4737815734682217,1.0
traditional,volatility,position_limit,0.75,0.0,0.03562650022305426,0.07909004042889292,0.10800786530883237,0.00447035859476415,2.2,0.34761810615903377,0.784
traditional,volatility,position_limit,0.75,0.5,0.03563995421480218,0.07909269217991009,0.10732123058791851,0.00327411008941575,1.7,0.3614362499366635,1.0
traditional,volatility,position_limit,0.75,0.9,0.03571014633314487,0.07922399308537799,0.10580276539471659,0.0026246143715784502,1.8,0.43416468364653416,1.0
