Date,Ticker,Variable,Value,RobustZ,Disposition
2020-03-16,SPY,LogReturn,-0.11588671199287122,-16.600326064928275,Retained; valid positive OHLCV observation
2020-03-12,SPY,LogReturn,-0.10056904989409701,-14.419396343360933,Retained; valid positive OHLCV observation
2025-04-09,SPY,LogReturn,0.09986280912531384,14.118104723424542,Retained; valid positive OHLCV observation
2020-03-24,SPY,LogReturn,0.08673073485644357,12.248359138613607,Retained; valid positive OHLCV observation
2020-03-09,SPY,LogReturn,-0.08131229581099698,-11.677618449976865,Retained; valid positive OHLCV observation
2020-03-13,SPY,LogReturn,0.08202833545659118,11.57883120754381,Retained; valid positive OHLCV observation
2011-08-08,SPY,LogReturn,-0.06734058006605467,-9.688324657429142,Retained; valid positive OHLCV observation
2020-04-06,SPY,LogReturn,0.0650070004128814,9.15533242174979,Retained; valid positive OHLCV observation
2025-04-04,SPY,LogReturn,-0.06032671113300068,-8.68968954453555,Retained; valid positive OHLCV observation
2020-06-11,SPY,LogReturn,-0.059376950179434465,-8.554462518462005,Retained; valid positive OHLCV observation
2011-08-09,SPY,LogVolume,20.39174151916072,4.048033827741757,Retained; valid positive OHLCV observation
2011-08-08,SPY,LogVolume,20.369819817273562,4.005426824438029,Retained; valid positive OHLCV observation
2011-08-10,SPY,LogVolume,20.31169321589327,3.8924520057039387,Retained; valid positive OHLCV observation
2011-08-05,SPY,LogVolume,20.30109069055521,3.8718449454295136,Retained; valid positive OHLCV observation
2010-05-06,SPY,LogVolume,20.28840785982902,3.8471946051670245,Retained; valid positive OHLCV observation
2010-05-07,SPY,LogVolume,20.27315706603756,3.817553173821863,Retained; valid positive OHLCV observation
2010-05-20,SPY,LogVolume,20.089176498503182,3.4599686811073296,Retained; valid positive OHLCV observation
2011-08-04,SPY,LogVolume,20.07072648397462,3.4241092467432157,Retained; valid positive OHLCV observation
2011-09-22,SPY,LogVolume,20.057561240434467,3.3985212892982557,Retained; valid positive OHLCV observation
2011-08-18,SPY,LogVolume,20.055701214321395,3.394906143943548,Retained; valid positive OHLCV observation
2020-03-16,QQQ,LogReturn,-0.12759226308233546,-14.362525686059461,Retained; valid positive OHLCV observation
2025-04-09,QQQ,LogReturn,0.11335620147150638,12.50814154297349,Retained; valid positive OHLCV observation
2020-03-12,QQQ,LogReturn,-0.0961712358599727,-10.85844041185001,Retained; valid positive OHLCV observation
2020-03-13,QQQ,LogReturn,0.08130868579093009,8.934190030294094,Retained; valid positive OHLCV observation
2020-03-24,QQQ,LogReturn,0.07458554584491285,8.18442282775905,Retained; valid positive OHLCV observation
2020-03-09,QQQ,LogReturn,-0.07199496597683858,-8.162293316362616,Retained; valid positive OHLCV observation
2020-03-17,QQQ,LogReturn,0.07310311723343818,8.019101807832683,Retained; valid positive OHLCV observation
2022-11-10,QQQ,LogReturn,0.07119288934730912,7.806072445081451,Retained; valid positive OHLCV observation
2020-04-06,QQQ,LogReturn,0.06905492852267738,7.567646215747454,Retained; valid positive OHLCV observation
2025-04-04,QQQ,LogReturn,-0.06412135450059009,-7.284225077742687,Retained; valid positive OHLCV observation
2010-05-07,QQQ,LogVolume,19.479166629453786,3.760141850552014,Retained; valid positive OHLCV observation
2010-05-06,QQQ,LogVolume,19.429940007019574,3.666919457759489,Retained; valid positive OHLCV observation
2010-01-28,QQQ,LogVolume,19.21566132721398,3.261131486370695,Retained; valid positive OHLCV observation
2016-12-21,QQQ,LogVolume,15.77268559072544,-3.2589672043532825,Retained; valid positive OHLCV observation
2019-12-24,QQQ,LogVolume,15.774054844837154,-3.256374193938935,Retained; valid positive OHLCV observation
2016-11-25,QQQ,LogVolume,15.784411523944742,-3.236761343004789,Retained; valid positive OHLCV observation
2011-08-05,QQQ,LogVolume,19.182008866473677,3.1974024966810175,Retained; valid positive OHLCV observation
2010-02-05,QQQ,LogVolume,19.179702739910873,3.193035294024482,Retained; valid positive OHLCV observation
2010-01-29,QQQ,LogVolume,19.172566533630256,3.179521179262105,Retained; valid positive OHLCV observation
2011-08-10,QQQ,LogVolume,19.14298810362489,3.1235073419562562,Retained; valid positive OHLCV observation
2013-04-15,GLD,LogReturn,-0.09190507457983844,-12.00778825923053,Retained; valid positive OHLCV observation
2025-10-21,GLD,LogReturn,-0.066427122202817,-8.697779197692201,Retained; valid positive OHLCV observation
2011-09-23,GLD,LogReturn,-0.0562714947767603,-7.378394566289388,Retained; valid positive OHLCV observation
2020-08-11,GLD,LogReturn,-0.05518972671897942,-7.237854933404022,Retained; valid positive OHLCV observation
2013-06-20,GLD,LogReturn,-0.05501208351122277,-7.214776131046044,Retained; valid positive OHLCV observation
2012-02-29,GLD,LogReturn,-0.054486874448655936,-7.1465427530032235,Retained; valid positive OHLCV observation
2013-04-12,GLD,LogReturn,-0.048144932178246586,-6.322619147519901,Retained; valid positive OHLCV observation
2016-06-24,GLD,LogReturn,0.047873912303474195,6.151823092178295,Retained; valid positive OHLCV observation
2020-03-24,GLD,LogReturn,0.047389520259250466,6.088892522562988,Retained; valid positive OHLCV observation
2020-11-09,GLD,LogReturn,-0.045280856143465276,-5.9505281141521245,Retained; valid positive OHLCV observation
2013-04-15,GLD,LogVolume,18.356720189093437,4.785665377859441,Retained; valid positive OHLCV observation
2011-08-24,GLD,LogVolume,18.07396037413927,4.229073700246542,Retained; valid positive OHLCV observation
2025-10-17,GLD,LogVolume,17.943048087542138,3.971382595062279,Retained; valid positive OHLCV observation
2011-08-09,GLD,LogVolume,17.83667133622377,3.7619878672969578,Retained; valid positive OHLCV observation
2013-04-12,GLD,LogVolume,17.8337261327975,3.7561904532754373,Retained; valid positive OHLCV observation
2011-08-23,GLD,LogVolume,17.827657592554974,3.744244982895224,Retained; valid positive OHLCV observation
2025-10-21,GLD,LogVolume,17.806370621485577,3.7023431626498917,Retained; valid positive OHLCV observation
2011-09-23,GLD,LogVolume,17.785451466525124,3.661165361074481,Retained; valid positive OHLCV observation
2011-05-05,GLD,LogVolume,17.752889370654728,3.597069295761828,Retained; valid positive OHLCV observation
2010-05-06,GLD,LogVolume,17.738400305895304,3.5685486487851823,Retained; valid positive OHLCV observation
2020-03-20,TLT,LogReturn,0.07250261723057638,8.584261848663331,Retained; valid positive OHLCV observation
2020-03-17,TLT,LogReturn,-0.06901015304980757,-8.299600286929422,Retained; valid positive OHLCV observation
2020-03-16,TLT,LogReturn,0.06275374013223949,7.4211251467315344,Retained; valid positive OHLCV observation
2020-03-18,TLT,LogReturn,-0.05806647794205026,-6.993912458120765,Retained; valid positive OHLCV observation
2020-03-10,TLT,LogReturn,-0.05261863223291206,-6.343931006221934,Retained; valid positive OHLCV observation
2011-08-11,TLT,LogReturn,-0.051765945219583734,-6.2421970782568375,Retained; valid positive OHLCV observation
2020-03-06,TLT,LogReturn,0.050734957940448557,5.987166492951693,Retained; valid positive OHLCV observation
2016-11-09,TLT,LogReturn,-0.0433584857098314,-5.2391046577495874,Retained; valid positive OHLCV observation
2020-03-23,TLT,LogReturn,0.040383016357060056,4.752078280182328,Retained; valid positive OHLCV observation
2011-10-31,TLT,LogReturn,0.03888889447191063,4.573814877715874,Retained; valid positive OHLCV observation
2025-04-09,TLT,LogVolume,18.69340272010549,3.8918201689368277,Retained; valid positive OHLCV observation
2025-04-07,TLT,LogVolume,18.64372509034593,3.8171002343181417,Retained; valid positive OHLCV observation
2024-12-19,TLT,LogVolume,18.411471468449843,3.4677684419797608,Retained; valid positive OHLCV observation
2024-11-06,TLT,LogVolume,18.409576317386865,3.4649179524494897,Retained; valid positive OHLCV observation
2012-11-23,TLT,LogVolume,13.80262793213326,-3.4643756512088717,Retained; valid positive OHLCV observation
2025-04-11,TLT,LogVolume,18.367428690342635,3.401523866372513,Retained; valid positive OHLCV observation
2025-04-04,TLT,LogVolume,18.345894695803224,3.3691346668102216,Retained; valid positive OHLCV observation
2024-08-02,TLT,LogVolume,18.336351947442328,3.35478145517231,Retained; valid positive OHLCV observation
2012-12-24,TLT,LogVolume,13.88419671575272,-3.3416883529526737,Retained; valid positive OHLCV observation
2024-08-05,TLT,LogVolume,18.322916856267515,3.334573785461881,Retained; valid positive OHLCV observation
2020-03-09,USO,LogReturn,-0.29189094440262797,-17.133831441092138,Retained; valid positive OHLCV observation
2020-04-21,USO,LogReturn,-0.2885713769998179,-16.939432318341733,Retained; valid positive OHLCV observation
2020-03-18,USO,LogReturn,-0.19253111422117827,-11.315162476108311,Retained; valid positive OHLCV observation
2020-04-27,USO,LogReturn,-0.1600043029750905,-9.410340912083205,Retained; valid positive OHLCV observation
2020-04-02,USO,LogReturn,0.15415067982725836,8.987072260713592,Retained; valid positive OHLCV observation
2020-04-03,USO,LogReturn,0.14375293673196893,8.378163963024786,Retained; valid positive OHLCV observation
2020-03-16,USO,LogReturn,-0.14012117625804185,-8.245953531951274,Retained; valid positive OHLCV observation
2020-03-19,USO,LogReturn,0.1311399710821438,7.639528725333463,Retained; valid positive OHLCV observation
2022-03-09,USO,LogReturn,-0.123962088264302,-7.2996517554696645,Retained; valid positive OHLCV observation
2021-11-26,USO,LogReturn,-0.11861104238229331,-6.98628603667779,Retained; valid positive OHLCV observation
2020-04-21,USO,LogVolume,18.643128157018563,4.737926182393363,Retained; valid positive OHLCV observation
2020-04-20,USO,LogVolume,18.510556410777877,4.573031410040516,Retained; valid positive OHLCV observation
2013-12-24,USO,LogVolume,11.652469992408125,-3.957161717838661,Retained; valid positive OHLCV observation
2014-06-06,USO,LogVolume,11.77057092104547,-3.8102659704826656,Retained; valid positive OHLCV observation
2020-04-22,USO,LogVolume,17.81347660825178,3.70599285462596,Retained; valid positive OHLCV observation
2014-05-27,USO,LogVolume,11.880605628715635,-3.673403112545779,Retained; valid positive OHLCV observation
2014-06-03,USO,LogVolume,11.88457867255634,-3.668461379648396,Retained; valid positive OHLCV observation
2014-06-11,USO,LogVolume,11.893927100900019,-3.6568336610182968,Retained; valid positive OHLCV observation
2014-05-29,USO,LogVolume,11.909686132448247,-3.6372323357485166,Retained; valid positive OHLCV observation
2025-06-23,USO,LogVolume,17.740635358804028,3.6153917907780295,Retained; valid positive OHLCV observation
